gsm_accession,filename,size_bytes,qc_status,strain,notes
GSM5197020,GSM5197020_0001_.gpr.gz,1025110,PASS,ATCC13032,Compendium sub-sample
GSM5197021,GSM5197021_0002_.gpr.gz,1077674,PASS,ATCC13032,Compendium sub-sample
GSM5197022,GSM5197022_0003_.gpr.gz,1076037,PASS,ATCC13032,Compendium sub-sample
GSM5197023,GSM5197023_0004_.gpr.gz,1070574,PASS,ATCC13032,Compendium sub-sample
GSM5197024,GSM5197024_0005_.gpr.gz,985582,PASS,ATCC13032,Compendium sub-sample
GSM5197025,GSM5197025_0006_.gpr.gz,1004644,PASS,ATCC13032,Compendium sub-sample
GSM5197026,GSM5197026_0007_.gpr.gz,1023367,PASS,ATCC13032,Compendium sub-sample
GSM5197027,GSM5197027_0008_.gpr.gz,4200546,PASS,ATCC13032,Compendium sub-sample
GSM5197028,GSM5197028_0009_.gpr.gz,2163931,PASS,ATCC13032,Compendium sub-sample
GSM5197029,GSM5197029_0010_.gpr.gz,4407661,PASS,ATCC13032,Compendium sub-sample
GSM5197030,GSM5197030_0011_.gpr.gz,4431221,PASS,ATCC13032,Compendium sub-sample
GSM5197031,GSM5197031_0012_.gpr.gz,4407661,PASS,ATCC13032,Compendium sub-sample
GSM5197032,GSM5197032_0013_.gpr.gz,3974105,PASS,ATCC13032,Compendium sub-sample
GSM5197033,GSM5197033_0014_.gpr.gz,1018322,PASS,ATCC13032,Compendium sub-sample
GSM5197034,GSM5197034_0015_.gpr.gz,959857,PASS,ATCC13032,Compendium sub-sample
GSM5197035,GSM5197035_0016_.gpr.gz,965434,PASS,ATCC13032,Compendium sub-sample
GSM5197036,GSM5197036_0017_.gpr.gz,4302030,PASS,ATCC13032,Compendium sub-sample
GSM5197037,GSM5197037_0018_.gpr.gz,4412317,PASS,ATCC13032,Compendium sub-sample
GSM5197038,GSM5197038_0019_.gpr.gz,4406968,PASS,ATCC13032,Compendium sub-sample
GSM5197039,GSM5197039_0020_.gpr.gz,4299623,PASS,ATCC13032,Compendium sub-sample
GSM5197040,GSM5197040_0021_.gpr.gz,3744910,PASS,ATCC13032,Compendium sub-sample
GSM5197041,GSM5197041_0022_.gpr.gz,4392653,PASS,ATCC13032,Compendium sub-sample
GSM5197042,GSM5197042_0023_.gpr.gz,4339687,PASS,ATCC13032,Compendium sub-sample
GSM5197043,GSM5197043_0024_.gpr.gz,4192306,PASS,ATCC13032,Compendium sub-sample
GSM5197044,GSM5197044_0025_.gpr.gz,1022753,PASS,ATCC13032,Compendium sub-sample
GSM5197045,GSM5197045_0026_.gpr.gz,1032138,PASS,ATCC13032,Compendium sub-sample
GSM5197046,GSM5197046_0027_.gpr.gz,1065544,PASS,ATCC13032,Compendium sub-sample
GSM5197047,GSM5197047_0028_.gpr.gz,547168,PASS,ATCC13032,Compendium sub-sample
GSM5197048,GSM5197048_0029_.gpr.gz,545272,PASS,ATCC13032,Compendium sub-sample
GSM5197049,GSM5197049_0030_.gpr.gz,999169,PASS,ATCC13032,Compendium sub-sample
GSM5197050,GSM5197050_0031_.gpr.gz,993155,PASS,ATCC13032,Compendium sub-sample
GSM5197051,GSM5197051_0032_.gpr.gz,1051022,PASS,ATCC13032,Compendium sub-sample
GSM5197052,GSM5197052_0033_.gpr.gz,1050650,PASS,ATCC13032,Compendium sub-sample
GSM5197053,GSM5197053_0034_.gpr.gz,1095987,PASS,ATCC13032,Compendium sub-sample
GSM5197054,GSM5197054_0035_.gpr.gz,1062328,PASS,ATCC13032,Compendium sub-sample
GSM5197055,GSM5197055_0036_.gpr.gz,1001648,PASS,ATCC13032,Compendium sub-sample
GSM5197056,GSM5197056_0037_.gpr.gz,4115951,PASS,ATCC13032,Compendium sub-sample
GSM5197057,GSM5197057_0038_.gpr.gz,4056023,PASS,ATCC13032,Compendium sub-sample
GSM5197058,GSM5197058_0039_.gpr.gz,4023452,PASS,ATCC13032,Compendium sub-sample
GSM5197059,GSM5197059_0040_.gpr.gz,4130823,PASS,ATCC13032,Compendium sub-sample
GSM5197060,GSM5197060_0041_.gpr.gz,3844252,PASS,ATCC13032,Compendium sub-sample
GSM5197061,GSM5197061_0042_.gpr.gz,3967956,PASS,ATCC13032,Compendium sub-sample
GSM5197062,GSM5197062_0043_.gpr.gz,3711236,PASS,ATCC13032,Compendium sub-sample
GSM5197063,GSM5197063_0044_.gpr.gz,3630726,PASS,ATCC13032,Compendium sub-sample
GSM5197064,GSM5197064_0045_.gpr.gz,3825072,PASS,ATCC13032,Compendium sub-sample
GSM5197065,GSM5197065_0046_.gpr.gz,4040360,PASS,ATCC13032,Compendium sub-sample
GSM5197066,GSM5197066_0047_.gpr.gz,4109160,PASS,ATCC13032,Compendium sub-sample
GSM5197067,GSM5197067_0048_.gpr.gz,3847710,PASS,ATCC13032,Compendium sub-sample
GSM5197068,GSM5197068_0049_.gpr.gz,417232,LOW_SIZE_WARN,ATCC13032,Compendium sub-sample
GSM5197069,GSM5197069_0050_.gpr.gz,404794,LOW_SIZE_WARN,ATCC13032,Compendium sub-sample
GSM5197070,GSM5197070_0051_.gpr.gz,427773,LOW_SIZE_WARN,ATCC13032,Compendium sub-sample
GSM5197071,GSM5197071_0052_.gpr.gz,428571,LOW_SIZE_WARN,ATCC13032,Compendium sub-sample
GSM5197072,GSM5197072_0053_.gpr.gz,421068,LOW_SIZE_WARN,ATCC13032,Compendium sub-sample
GSM5197073,GSM5197073_0054_.gpr.gz,427794,LOW_SIZE_WARN,ATCC13032,Compendium sub-sample
GSM5197074,GSM5197074_0055_.gpr.gz,1048182,PASS,ATCC13032,Compendium sub-sample
GSM5197075,GSM5197075_0056_.gpr.gz,1102995,PASS,ATCC13032,Compendium sub-sample
GSM5197076,GSM5197076_0057_.gpr.gz,1079929,PASS,ATCC13032,Compendium sub-sample
GSM5197077,GSM5197077_0058_.gpr.gz,1038687,PASS,ATCC13032,Compendium sub-sample
GSM5197078,GSM5197078_0059_.gpr.gz,1046758,PASS,ATCC13032,Compendium sub-sample
GSM5197079,GSM5197079_0060_.gpr.gz,407303,LOW_SIZE_WARN,ATCC13032,Compendium sub-sample
GSM5197080,GSM5197080_0061_.gpr.gz,356131,LOW_SIZE_WARN,ATCC13032,Compendium sub-sample
GSM5197081,GSM5197081_0062_.gpr.gz,388061,LOW_SIZE_WARN,ATCC13032,Compendium sub-sample
GSM5197082,GSM5197082_0063_.gpr.gz,415673,LOW_SIZE_WARN,ATCC13032,Compendium sub-sample
GSM5197083,GSM5197083_0064_.gpr.gz,394190,LOW_SIZE_WARN,ATCC13032,Compendium sub-sample
GSM5197084,GSM5197084_0065_.gpr.gz,380536,LOW_SIZE_WARN,ATCC13032,Compendium sub-sample
GSM5197085,GSM5197085_0066_.gpr.gz,418967,LOW_SIZE_WARN,ATCC13032,Compendium sub-sample
GSM5197086,GSM5197086_0067_.gpr.gz,400865,LOW_SIZE_WARN,ATCC13032,Compendium sub-sample
GSM5197087,GSM5197087_0068_.gpr.gz,376997,LOW_SIZE_WARN,ATCC13032,Compendium sub-sample
GSM5197088,GSM5197088_0069_.gpr.gz,1007068,PASS,ATCC13032,Compendium sub-sample
GSM5197089,GSM5197089_0070_.gpr.gz,954901,PASS,ATCC13032,Compendium sub-sample
GSM5197090,GSM5197090_0071_.gpr.gz,980694,PASS,ATCC13032,Compendium sub-sample
GSM5197091,GSM5197091_0072_.gpr.gz,1017321,PASS,ATCC13032,Compendium sub-sample
GSM5197092,GSM5197092_0073_.gpr.gz,1023194,PASS,ATCC13032,Compendium sub-sample
GSM5197093,GSM5197093_0074_.gpr.gz,1017276,PASS,ATCC13032,Compendium sub-sample
GSM5197094,GSM5197094_0075_.gpr.gz,9057252,PASS,ATCC13032,Compendium sub-sample
GSM5197095,GSM5197095_0076_.gpr.gz,990011,PASS,ATCC13032,Compendium sub-sample
GSM5197096,GSM5197096_0077_.gpr.gz,979423,PASS,ATCC13032,Compendium sub-sample
GSM5197097,GSM5197097_0078_.gpr.gz,900437,PASS,ATCC13032,Compendium sub-sample
GSM5197098,GSM5197098_0079_.gpr.gz,999221,PASS,ATCC13032,Compendium sub-sample
GSM5197099,GSM5197099_0080_.gpr.gz,992847,PASS,ATCC13032,Compendium sub-sample
GSM5197100,GSM5197100_0081_.gpr.gz,1035550,PASS,ATCC13032,Compendium sub-sample
GSM5197101,GSM5197101_0082_.gpr.gz,984566,PASS,ATCC13032,Compendium sub-sample
GSM5197102,GSM5197102_0083_.gpr.gz,861585,PASS,ATCC13032,Compendium sub-sample
GSM5197103,GSM5197103_0084_.gpr.gz,4150547,PASS,ATCC13032,Compendium sub-sample
GSM5197104,GSM5197104_0085_.gpr.gz,4343185,PASS,ATCC13032,Compendium sub-sample
GSM5197105,GSM5197105_0086_.gpr.gz,4122394,PASS,ATCC13032,Compendium sub-sample
GSM5197106,GSM5197106_0087_.gpr.gz,491096,LOW_SIZE_WARN,ATCC13032,Compendium sub-sample
GSM5197107,GSM5197107_0088_.gpr.gz,511467,PASS,ATCC13032,Compendium sub-sample
GSM5197108,GSM5197108_0089_.gpr.gz,907519,PASS,ATCC13032,Compendium sub-sample
GSM5197109,GSM5197109_0090_.gpr.gz,916336,PASS,ATCC13032,Compendium sub-sample
GSM5197110,GSM5197110_0091_.gpr.gz,1130658,PASS,ATCC13032,Compendium sub-sample
GSM5197111,GSM5197111_0092_.gpr.gz,1089270,PASS,ATCC13032,Compendium sub-sample
GSM5197112,GSM5197112_0093_.gpr.gz,1047864,PASS,ATCC13032,Compendium sub-sample
GSM5197113,GSM5197113_0094_.gpr.gz,952532,PASS,ATCC13032,Compendium sub-sample
GSM5197114,GSM5197114_0095_.gpr.gz,958120,PASS,ATCC13032,Compendium sub-sample
GSM5197115,GSM5197115_0096_.gpr.gz,826493,PASS,ATCC13032,Compendium sub-sample
GSM5197116,GSM5197116_0097_.gpr.gz,954236,PASS,ATCC13032,Compendium sub-sample
GSM5197117,GSM5197117_0098_.gpr.gz,1020650,PASS,ATCC13032,Compendium sub-sample
GSM5197118,GSM5197118_0099_.gpr.gz,913033,PASS,ATCC13032,Compendium sub-sample
GSM5197119,GSM5197119_0100_.gpr.gz,862330,PASS,ATCC13032,Compendium sub-sample
GSM5197120,GSM5197120_0101_.gpr.gz,995220,PASS,ATCC13032,Compendium sub-sample
GSM5197121,GSM5197121_0102_.gpr.gz,4165723,PASS,ATCC13032,Compendium sub-sample
GSM5197122,GSM5197122_0103_.gpr.gz,4157509,PASS,ATCC13032,Compendium sub-sample
GSM5197123,GSM5197123_0104_.gpr.gz,971344,PASS,ATCC13032,Compendium sub-sample
GSM5197124,GSM5197124_0105_.gpr.gz,978649,PASS,ATCC13032,Compendium sub-sample
GSM5197125,GSM5197125_0106_.gpr.gz,1010582,PASS,ATCC13032,Compendium sub-sample
GSM5197126,GSM5197126_0107_.gpr.gz,904060,PASS,ATCC13032,Compendium sub-sample
GSM5197127,GSM5197127_0108_.gpr.gz,891052,PASS,ATCC13032,Compendium sub-sample
GSM5197128,GSM5197128_0109_.gpr.gz,977625,PASS,ATCC13032,Compendium sub-sample
GSM5197129,GSM5197129_0110_.gpr.gz,932509,PASS,ATCC13032,Compendium sub-sample
GSM5197130,GSM5197130_0111_.gpr.gz,985677,PASS,ATCC13032,Compendium sub-sample
GSM5197131,GSM5197131_0112_.gpr.gz,4571737,PASS,ATCC13032,Compendium sub-sample
GSM5197132,GSM5197132_0113_.gpr.gz,4107665,PASS,ATCC13032,Compendium sub-sample
GSM5197133,GSM5197133_0114_.gpr.gz,4528562,PASS,ATCC13032,Compendium sub-sample
GSM5197134,GSM5197134_0115_.gpr.gz,4238169,PASS,ATCC13032,Compendium sub-sample
GSM5197135,GSM5197135_0116_.gpr.gz,4063302,PASS,ATCC13032,Compendium sub-sample
GSM5197136,GSM5197136_0117_.gpr.gz,3957310,PASS,ATCC13032,Compendium sub-sample
GSM5197137,GSM5197137_0118_.gpr.gz,4182732,PASS,ATCC13032,Compendium sub-sample
GSM5197138,GSM5197138_0119_.gpr.gz,4115076,PASS,ATCC13032,Compendium sub-sample
GSM5197139,GSM5197139_0120_.gpr.gz,4215611,PASS,ATCC13032,Compendium sub-sample
GSM5197140,GSM5197140_0121_.gpr.gz,4199063,PASS,ATCC13032,Compendium sub-sample
GSM5197141,GSM5197141_0122_.gpr.gz,4168407,PASS,ATCC13032,Compendium sub-sample
GSM5197142,GSM5197142_0123_.gpr.gz,1011044,PASS,ATCC13032,Compendium sub-sample
GSM5197143,GSM5197143_0124_.gpr.gz,1029382,PASS,ATCC13032,Compendium sub-sample
GSM5197144,GSM5197144_0125_.gpr.gz,3590536,PASS,ATCC13032,Compendium sub-sample
GSM5197145,GSM5197145_0126_.gpr.gz,3507636,PASS,ATCC13032,Compendium sub-sample
GSM5197146,GSM5197146_0127_.gpr.gz,3638847,PASS,ATCC13032,Compendium sub-sample
GSM5197147,GSM5197147_0128_.gpr.gz,3601419,PASS,ATCC13032,Compendium sub-sample
GSM5197148,GSM5197148_0129_.gpr.gz,3652270,PASS,ATCC13032,Compendium sub-sample
GSM5197149,GSM5197149_0130_.gpr.gz,3643072,PASS,ATCC13032,Compendium sub-sample
GSM5197150,GSM5197150_0131_.gpr.gz,3689961,PASS,ATCC13032,Compendium sub-sample
GSM5197151,GSM5197151_0132_.gpr.gz,3727052,PASS,ATCC13032,Compendium sub-sample
GSM5197152,GSM5197152_0133_.gpr.gz,3848419,PASS,ATCC13032,Compendium sub-sample
GSM5197153,GSM5197153_0134_.gpr.gz,951033,PASS,ATCC13032,Compendium sub-sample
GSM5197154,GSM5197154_0135_.gpr.gz,964175,PASS,ATCC13032,Compendium sub-sample
GSM5197155,GSM5197155_0136_.gpr.gz,914308,PASS,ATCC13032,Compendium sub-sample
GSM5197156,GSM5197156_0137_.gpr.gz,4337496,PASS,ATCC13032,Compendium sub-sample
GSM5197157,GSM5197157_0138_.gpr.gz,4145735,PASS,ATCC13032,Compendium sub-sample
GSM5197158,GSM5197158_0139_.gpr.gz,4320773,PASS,ATCC13032,Compendium sub-sample
GSM5197159,GSM5197159_0140_.gpr.gz,4396650,PASS,ATCC13032,Compendium sub-sample
GSM5197160,GSM5197160_0141_.gpr.gz,4143407,PASS,ATCC13032,Compendium sub-sample
GSM5197161,GSM5197161_0142_.gpr.gz,4227496,PASS,ATCC13032,Compendium sub-sample
GSM5197162,GSM5197162_0143_.gpr.gz,4400834,PASS,ATCC13032,Compendium sub-sample
GSM5197163,GSM5197163_0144_.gpr.gz,4286984,PASS,ATCC13032,Compendium sub-sample
GSM5197164,GSM5197164_0145_.gpr.gz,4839741,PASS,ATCC13032,Compendium sub-sample
GSM5197165,GSM5197165_0146_.gpr.gz,4814000,PASS,ATCC13032,Compendium sub-sample
GSM5197166,GSM5197166_0147_.gpr.gz,2330417,PASS,ATCC13032,Compendium sub-sample
GSM5197167,GSM5197167_0148_.gpr.gz,1030743,PASS,ATCC13032,Compendium sub-sample
GSM5197168,GSM5197168_0149_.gpr.gz,502766,PASS,ATCC13032,Compendium sub-sample
GSM5197169,GSM5197169_0150_.gpr.gz,1030743,PASS,ATCC13032,Compendium sub-sample
GSM5197170,GSM5197170_0151_.gpr.gz,502766,PASS,ATCC13032,Compendium sub-sample
GSM5197171,GSM5197171_0152_.gpr.gz,1073140,PASS,ATCC13032,Compendium sub-sample
GSM5197172,GSM5197172_0153_.gpr.gz,1027903,PASS,ATCC13032,Compendium sub-sample
GSM5197173,GSM5197173_0154_.gpr.gz,1033840,PASS,ATCC13032,Compendium sub-sample
GSM5197174,GSM5197174_0155_.gpr.gz,973356,PASS,ATCC13032,Compendium sub-sample
GSM5197175,GSM5197175_0156_.gpr.gz,1006545,PASS,ATCC13032,Compendium sub-sample
GSM5197176,GSM5197176_0157_.gpr.gz,998090,PASS,ATCC13032,Compendium sub-sample
GSM5197177,GSM5197177_0158_.gpr.gz,1022713,PASS,ATCC13032,Compendium sub-sample
GSM5197178,GSM5197178_0159_.gpr.gz,1106989,PASS,ATCC13032,Compendium sub-sample
GSM5197179,GSM5197179_0160_.gpr.gz,1050608,PASS,ATCC13032,Compendium sub-sample
GSM5197180,GSM5197180_0161_.gpr.gz,516603,PASS,ATCC13032,Compendium sub-sample
GSM5197181,GSM5197181_0162_.gpr.gz,1106989,PASS,ATCC13032,Compendium sub-sample
GSM5197182,GSM5197182_0163_.gpr.gz,3982404,PASS,ATCC13032,Compendium sub-sample
GSM5197183,GSM5197183_0164_.gpr.gz,3982404,PASS,ATCC13032,Compendium sub-sample
GSM5197184,GSM5197184_0165_.gpr.gz,4328876,PASS,ATCC13032,Compendium sub-sample
GSM5197185,GSM5197185_0166_.gpr.gz,4285284,PASS,ATCC13032,Compendium sub-sample
GSM5197186,GSM5197186_0167_.gpr.gz,4217244,PASS,ATCC13032,Compendium sub-sample
GSM5197187,GSM5197187_0168_.gpr.gz,4237195,PASS,ATCC13032,Compendium sub-sample
GSM5197188,GSM5197188_0169_.gpr.gz,4367572,PASS,ATCC13032,Compendium sub-sample
GSM5197189,GSM5197189_0170_.gpr.gz,4206302,PASS,ATCC13032,Compendium sub-sample
GSM5197190,GSM5197190_0171_.gpr.gz,4220603,PASS,ATCC13032,Compendium sub-sample
GSM5197191,GSM5197191_0172_.gpr.gz,420326,LOW_SIZE_WARN,ATCC13032,Compendium sub-sample
GSM5197192,GSM5197192_0173_.gpr.gz,389432,LOW_SIZE_WARN,ATCC13032,Compendium sub-sample
GSM5197193,GSM5197193_0174_.gpr.gz,402494,LOW_SIZE_WARN,ATCC13032,Compendium sub-sample
GSM5197194,GSM5197194_0175_.gpr.gz,1021170,PASS,ATCC13032,Compendium sub-sample
GSM5197195,GSM5197195_0176_.gpr.gz,1003892,PASS,ATCC13032,Compendium sub-sample
GSM5197196,GSM5197196_0177_.gpr.gz,968939,PASS,ATCC13032,Compendium sub-sample
GSM5197197,GSM5197197_0178_.gpr.gz,422956,LOW_SIZE_WARN,ATCC13032,Compendium sub-sample
GSM5197198,GSM5197198_0179_.gpr.gz,422956,LOW_SIZE_WARN,ATCC13032,Compendium sub-sample
GSM5197199,GSM5197199_0180_.gpr.gz,420347,LOW_SIZE_WARN,ATCC13032,Compendium sub-sample
GSM5197200,GSM5197200_0181_.gpr.gz,504608,PASS,ATCC13032,Compendium sub-sample
GSM5197201,GSM5197201_0182_.gpr.gz,506174,PASS,ATCC13032,Compendium sub-sample
GSM5197202,GSM5197202_0183_.gpr.gz,1077560,PASS,ATCC13032,Compendium sub-sample
GSM5197203,GSM5197203_0184_.gpr.gz,990986,PASS,ATCC13032,Compendium sub-sample
GSM5197204,GSM5197204_0185_.gpr.gz,1018919,PASS,ATCC13032,Compendium sub-sample
GSM5197205,GSM5197205_0186_.gpr.gz,4106349,PASS,ATCC13032,Compendium sub-sample
GSM5197206,GSM5197206_0187_.gpr.gz,3876435,PASS,ATCC13032,Compendium sub-sample
GSM5197207,GSM5197207_0188_.gpr.gz,4216836,PASS,ATCC13032,Compendium sub-sample
GSM5197208,GSM5197208_0189_.gpr.gz,4085436,PASS,ATCC13032,Compendium sub-sample
GSM5197209,GSM5197209_0190_.gpr.gz,3869300,PASS,ATCC13032,Compendium sub-sample
GSM5197210,GSM5197210_0191_.gpr.gz,4862791,PASS,ATCC13032,Compendium sub-sample
GSM5197211,GSM5197211_0192_.gpr.gz,3820869,PASS,ATCC13032,Compendium sub-sample
GSM5197212,GSM5197212_0193_.gpr.gz,4126867,PASS,ATCC13032,Compendium sub-sample
GSM5197213,GSM5197213_0194_.gpr.gz,3820869,PASS,ATCC13032,Compendium sub-sample
GSM5197214,GSM5197214_0195_.gpr.gz,4102393,PASS,ATCC13032,Compendium sub-sample
GSM5197215,GSM5197215_0196_.gpr.gz,4364694,PASS,ATCC13032,Compendium sub-sample
GSM5197216,GSM5197216_0197_.gpr.gz,4316281,PASS,ATCC13032,Compendium sub-sample
GSM5197217,GSM5197217_0198_.gpr.gz,3912598,PASS,ATCC13032,Compendium sub-sample
GSM5197218,GSM5197218_0199_.gpr.gz,3984448,PASS,ATCC13032,Compendium sub-sample
GSM5197219,GSM5197219_0200_.gpr.gz,4165478,PASS,ATCC13032,Compendium sub-sample
GSM5197220,GSM5197220_0201_.gpr.gz,4235428,PASS,ATCC13032,Compendium sub-sample
GSM5197221,GSM5197221_0202_.gpr.gz,3813483,PASS,ATCC13032,Compendium sub-sample
GSM5197222,GSM5197222_0203_.gpr.gz,3794700,PASS,ATCC13032,Compendium sub-sample
GSM5197223,GSM5197223_0204_.gpr.gz,1039649,PASS,ATCC13032,Compendium sub-sample
GSM5197224,GSM5197224_0205_.gpr.gz,926357,PASS,ATCC13032,Compendium sub-sample
GSM5197225,GSM5197225_0206_.gpr.gz,975721,PASS,ATCC13032,Compendium sub-sample
GSM5197226,GSM5197226_0207_.gpr.gz,926659,PASS,ATCC13032,Compendium sub-sample
GSM5197227,GSM5197227_0208_.gpr.gz,978252,PASS,ATCC13032,Compendium sub-sample
GSM5197228,GSM5197228_0209_.gpr.gz,924103,PASS,ATCC13032,Compendium sub-sample
GSM5197229,GSM5197229_0210_.gpr.gz,920354,PASS,ATCC13032,Compendium sub-sample
GSM5197230,GSM5197230_0211_.gpr.gz,956859,PASS,ATCC13032,Compendium sub-sample
GSM5197231,GSM5197231_0212_.gpr.gz,891175,PASS,ATCC13032,Compendium sub-sample
GSM5197232,GSM5197232_0213_.gpr.gz,983272,PASS,ATCC13032,Compendium sub-sample
GSM5197233,GSM5197233_0214_.gpr.gz,1043352,PASS,ATCC13032,Compendium sub-sample
GSM5197234,GSM5197234_0215_.gpr.gz,1073704,PASS,ATCC13032,Compendium sub-sample
GSM5197235,GSM5197235_0216_.gpr.gz,928628,PASS,ATCC13032,Compendium sub-sample
GSM5197236,GSM5197236_0217_.gpr.gz,988960,PASS,ATCC13032,Compendium sub-sample
GSM5197237,GSM5197237_0218_.gpr.gz,1025766,PASS,ATCC13032,Compendium sub-sample
GSM5197238,GSM5197238_0219_.gpr.gz,1073704,PASS,ATCC13032,Compendium sub-sample
GSM5197239,GSM5197239_0220_.gpr.gz,1025766,PASS,ATCC13032,Compendium sub-sample
GSM5197240,GSM5197240_0221_.gpr.gz,971922,PASS,ATCC13032,Compendium sub-sample
GSM5197241,GSM5197241_0222_.gpr.gz,779995,PASS,ATCC13032,Compendium sub-sample
GSM5197242,GSM5197242_0223_.gpr.gz,1036603,PASS,ATCC13032,Compendium sub-sample
GSM5197243,GSM5197243_0224_.gpr.gz,905898,PASS,ATCC13032,Compendium sub-sample
GSM5197244,GSM5197244_0225_.gpr.gz,901479,PASS,ATCC13032,Compendium sub-sample
GSM5197245,GSM5197245_0226_.gpr.gz,915939,PASS,ATCC13032,Compendium sub-sample
GSM5197246,GSM5197246_0227_.gpr.gz,971747,PASS,ATCC13032,Compendium sub-sample
GSM5197247,GSM5197247_0228_.gpr.gz,908114,PASS,ATCC13032,Compendium sub-sample
GSM5197248,GSM5197248_0229_.gpr.gz,909110,PASS,ATCC13032,Compendium sub-sample
GSM5197249,GSM5197249_0230_.gpr.gz,899735,PASS,ATCC13032,Compendium sub-sample
GSM5197250,GSM5197250_0231_.gpr.gz,861443,PASS,ATCC13032,Compendium sub-sample
GSM5197251,GSM5197251_0232_.gpr.gz,923604,PASS,ATCC13032,Compendium sub-sample
GSM5197252,GSM5197252_0233_.gpr.gz,4631339,PASS,ATCC13032,Compendium sub-sample
GSM5197253,GSM5197253_0234_.gpr.gz,4320273,PASS,ATCC13032,Compendium sub-sample
GSM5197254,GSM5197254_0235_.gpr.gz,4744661,PASS,ATCC13032,Compendium sub-sample
GSM5197255,GSM5197255_0236_.gpr.gz,4505370,PASS,ATCC13032,Compendium sub-sample
GSM5197256,GSM5197256_0237_.gpr.gz,4617992,PASS,ATCC13032,Compendium sub-sample
GSM5197257,GSM5197257_0238_.gpr.gz,4469360,PASS,ATCC13032,Compendium sub-sample
GSM5197258,GSM5197258_0239_.gpr.gz,4322936,PASS,ATCC13032,Compendium sub-sample
GSM5197259,GSM5197259_0240_.gpr.gz,4519318,PASS,ATCC13032,Compendium sub-sample
GSM5197260,GSM5197260_0241_.gpr.gz,4519318,PASS,ATCC13032,Compendium sub-sample
GSM5197261,GSM5197261_0242_.gpr.gz,4322936,PASS,ATCC13032,Compendium sub-sample
GSM5197262,GSM5197262_0243_.gpr.gz,4498033,PASS,ATCC13032,Compendium sub-sample
GSM5197263,GSM5197263_0244_.gpr.gz,4319237,PASS,ATCC13032,Compendium sub-sample
GSM5197264,GSM5197264_0245_.gpr.gz,4576107,PASS,ATCC13032,Compendium sub-sample
GSM5197265,GSM5197265_0246_.gpr.gz,4372812,PASS,ATCC13032,Compendium sub-sample
GSM5197266,GSM5197266_0247_.gpr.gz,938387,PASS,ATCC13032,Compendium sub-sample
GSM5197267,GSM5197267_0248_.gpr.gz,1051309,PASS,ATCC13032,Compendium sub-sample
GSM5197268,GSM5197268_0249_.gpr.gz,992790,PASS,ATCC13032,Compendium sub-sample
GSM5197269,GSM5197269_0250_.gpr.gz,925755,PASS,ATCC13032,Compendium sub-sample
GSM5197270,GSM5197270_0251_.gpr.gz,953862,PASS,ATCC13032,Compendium sub-sample
GSM5197271,GSM5197271_0252_.gpr.gz,927377,PASS,ATCC13032,Compendium sub-sample
GSM5197272,GSM5197272_0253_.gpr.gz,1018342,PASS,ATCC13032,Compendium sub-sample
GSM5197273,GSM5197273_0254_.gpr.gz,949541,PASS,ATCC13032,Compendium sub-sample
GSM5197274,GSM5197274_0255_.gpr.gz,960568,PASS,ATCC13032,Compendium sub-sample
GSM5197275,GSM5197275_0256_.gpr.gz,935166,PASS,ATCC13032,Compendium sub-sample
GSM5197276,GSM5197276_0257_.gpr.gz,955742,PASS,ATCC13032,Compendium sub-sample
GSM5197277,GSM5197277_0258_.gpr.gz,966919,PASS,ATCC13032,Compendium sub-sample
GSM5197278,GSM5197278_0259_.gpr.gz,956883,PASS,ATCC13032,Compendium sub-sample
GSM5197279,GSM5197279_0260_.gpr.gz,982816,PASS,ATCC13032,Compendium sub-sample
GSM5197280,GSM5197280_0261_.gpr.gz,993485,PASS,ATCC13032,Compendium sub-sample
GSM5197281,GSM5197281_0262_.gpr.gz,938434,PASS,ATCC13032,Compendium sub-sample
GSM5197282,GSM5197282_0263_.gpr.gz,936278,PASS,ATCC13032,Compendium sub-sample
GSM5197283,GSM5197283_0264_.gpr.gz,941630,PASS,ATCC13032,Compendium sub-sample
GSM5197284,GSM5197284_0265_.gpr.gz,934177,PASS,ATCC13032,Compendium sub-sample
GSM5197285,GSM5197285_0266_.gpr.gz,934644,PASS,ATCC13032,Compendium sub-sample
GSM5197286,GSM5197286_0267_.gpr.gz,989942,PASS,ATCC13032,Compendium sub-sample
GSM5197287,GSM5197287_0268_.gpr.gz,954621,PASS,ATCC13032,Compendium sub-sample
GSM5197288,GSM5197288_0269_.gpr.gz,932092,PASS,ATCC13032,Compendium sub-sample
GSM5197289,GSM5197289_0270_.gpr.gz,911717,PASS,ATCC13032,Compendium sub-sample
GSM5197290,GSM5197290_0271_.gpr.gz,1018727,PASS,ATCC13032,Compendium sub-sample
GSM5197291,GSM5197291_0272_.gpr.gz,948236,PASS,ATCC13032,Compendium sub-sample
GSM5197292,GSM5197292_0273_.gpr.gz,974400,PASS,ATCC13032,Compendium sub-sample
GSM5197293,GSM5197293_0274_.gpr.gz,998937,PASS,ATCC13032,Compendium sub-sample
GSM5197294,GSM5197294_0275_.gpr.gz,908335,PASS,ATCC13032,Compendium sub-sample
GSM5197295,GSM5197295_0276_.gpr.gz,952611,PASS,ATCC13032,Compendium sub-sample
GSM5197296,GSM5197296_0277_.gpr.gz,969904,PASS,ATCC13032,Compendium sub-sample
GSM5197297,GSM5197297_0278_.gpr.gz,956969,PASS,ATCC13032,Compendium sub-sample
GSM5197298,GSM5197298_0279_.gpr.gz,945767,PASS,ATCC13032,Compendium sub-sample
GSM5197299,GSM5197299_0280_.gpr.gz,974881,PASS,ATCC13032,Compendium sub-sample
GSM5197300,GSM5197300_0281_.gpr.gz,932688,PASS,ATCC13032,Compendium sub-sample
GSM5197301,GSM5197301_0282_.gpr.gz,953053,PASS,ATCC13032,Compendium sub-sample
GSM5197302,GSM5197302_0283_.gpr.gz,1043210,PASS,ATCC13032,Compendium sub-sample
GSM5197303,GSM5197303_0284_.gpr.gz,1039636,PASS,ATCC13032,Compendium sub-sample
GSM5197304,GSM5197304_0285_.gpr.gz,980571,PASS,ATCC13032,Compendium sub-sample
GSM5197305,GSM5197305_0286_.gpr.gz,957699,PASS,ATCC13032,Compendium sub-sample
GSM5197306,GSM5197306_0287_.gpr.gz,937896,PASS,ATCC13032,Compendium sub-sample
GSM5197307,GSM5197307_0288_.gpr.gz,958909,PASS,ATCC13032,Compendium sub-sample
GSM5197308,GSM5197308_0289_.gpr.gz,1063840,PASS,ATCC13032,Compendium sub-sample
GSM5197309,GSM5197309_0290_.gpr.gz,955690,PASS,ATCC13032,Compendium sub-sample
GSM5197310,GSM5197310_0291_.gpr.gz,955690,PASS,ATCC13032,Compendium sub-sample
GSM5197311,GSM5197311_0292_.gpr.gz,1035112,PASS,ATCC13032,Compendium sub-sample
GSM5197312,GSM5197312_0293_.gpr.gz,950471,PASS,ATCC13032,Compendium sub-sample
GSM5197313,GSM5197313_0294_.gpr.gz,1003200,PASS,ATCC13032,Compendium sub-sample
GSM5197314,GSM5197314_0295_.gpr.gz,1052850,PASS,ATCC13032,Compendium sub-sample
GSM5197315,GSM5197315_0296_.gpr.gz,693623,PASS,ATCC13032,Compendium sub-sample
GSM5197316,GSM5197316_0297_.gpr.gz,277032,LOW_SIZE_WARN,ATCC13032,Compendium sub-sample
GSM5197317,GSM5197317_0298_.gpr.gz,274421,LOW_SIZE_WARN,ATCC13032,Compendium sub-sample
GSM5197318,GSM5197318_0299_.gpr.gz,282801,LOW_SIZE_WARN,ATCC13032,Compendium sub-sample
GSM5197319,GSM5197319_0300_.gpr.gz,290722,LOW_SIZE_WARN,ATCC13032,Compendium sub-sample
GSM5197320,GSM5197320_0301_.gpr.gz,294007,LOW_SIZE_WARN,ATCC13032,Compendium sub-sample
GSM5197321,GSM5197321_0302_.gpr.gz,285693,LOW_SIZE_WARN,ATCC13032,Compendium sub-sample
GSM5197322,GSM5197322_0303_.gpr.gz,311625,LOW_SIZE_WARN,ATCC13032,Compendium sub-sample
GSM5197323,GSM5197323_0304_.gpr.gz,326144,LOW_SIZE_WARN,ATCC13032,Compendium sub-sample
GSM5197324,GSM5197324_0305_.gpr.gz,279441,LOW_SIZE_WARN,ATCC13032,Compendium sub-sample
GSM5197325,GSM5197325_0306_.gpr.gz,851331,PASS,ATCC13032,Compendium sub-sample
GSM5197326,GSM5197326_0307_.gpr.gz,826109,PASS,ATCC13032,Compendium sub-sample
GSM5197327,GSM5197327_0308_.gpr.gz,798894,PASS,ATCC13032,Compendium sub-sample
GSM5197328,GSM5197328_0309_.gpr.gz,939445,PASS,ATCC13032,Compendium sub-sample
GSM5197329,GSM5197329_0310_.gpr.gz,3987733,PASS,ATCC13032,Compendium sub-sample
GSM5197330,GSM5197330_0311_.gpr.gz,4020898,PASS,ATCC13032,Compendium sub-sample
GSM5197331,GSM5197331_0312_.gpr.gz,943271,PASS,ATCC13032,Compendium sub-sample
GSM5197332,GSM5197332_0313_.gpr.gz,896687,PASS,ATCC13032,Compendium sub-sample
GSM5197333,GSM5197333_0314_.gpr.gz,976167,PASS,ATCC13032,Compendium sub-sample
GSM5197334,GSM5197334_0315_.gpr.gz,3869646,PASS,ATCC13032,Compendium sub-sample
GSM5197335,GSM5197335_0316_.gpr.gz,4056216,PASS,ATCC13032,Compendium sub-sample
GSM5197336,GSM5197336_0317_.gpr.gz,4125324,PASS,ATCC13032,Compendium sub-sample
GSM5197337,GSM5197337_0318_.gpr.gz,897872,PASS,ATCC13032,Compendium sub-sample
GSM5197338,GSM5197338_0319_.gpr.gz,977599,PASS,ATCC13032,Compendium sub-sample
GSM5197339,GSM5197339_0320_.gpr.gz,912868,PASS,ATCC13032,Compendium sub-sample
GSM5197340,GSM5197340_0321_.gpr.gz,3787875,PASS,ATCC13032,Compendium sub-sample
GSM5197341,GSM5197341_0322_.gpr.gz,3771319,PASS,ATCC13032,Compendium sub-sample
GSM5197342,GSM5197342_0323_.gpr.gz,3785991,PASS,ATCC13032,Compendium sub-sample
GSM5197343,GSM5197343_0324_.gpr.gz,4578996,PASS,ATCC13032,Compendium sub-sample
GSM5197344,GSM5197344_0325_.gpr.gz,4556222,PASS,ATCC13032,Compendium sub-sample
GSM5197345,GSM5197345_0326_.gpr.gz,4180187,PASS,ATCC13032,Compendium sub-sample
GSM5197346,GSM5197346_0327_.gpr.gz,4145741,PASS,ATCC13032,Compendium sub-sample
GSM5197347,GSM5197347_0328_.gpr.gz,4021589,PASS,ATCC13032,Compendium sub-sample
GSM5197348,GSM5197348_0329_.gpr.gz,4347747,PASS,ATCC13032,Compendium sub-sample
GSM5197349,GSM5197349_0330_.gpr.gz,4282028,PASS,ATCC13032,Compendium sub-sample
GSM5197350,GSM5197350_0331_.gpr.gz,4246296,PASS,ATCC13032,Compendium sub-sample
GSM5197351,GSM5197351_0332_.gpr.gz,4246296,PASS,ATCC13032,Compendium sub-sample
GSM5197352,GSM5197352_0333_.gpr.gz,4175456,PASS,ATCC13032,Compendium sub-sample
GSM5197353,GSM5197353_0334_.gpr.gz,4204801,PASS,ATCC13032,Compendium sub-sample
GSM5197354,GSM5197354_0335_.gpr.gz,4033516,PASS,ATCC13032,Compendium sub-sample
GSM5197355,GSM5197355_0336_.gpr.gz,4223534,PASS,ATCC13032,Compendium sub-sample
GSM5197356,GSM5197356_0337_.gpr.gz,4223534,PASS,ATCC13032,Compendium sub-sample
GSM5197357,GSM5197357_0338_.gpr.gz,834264,PASS,ATCC13032,Compendium sub-sample
GSM5197358,GSM5197358_0339_.gpr.gz,937076,PASS,ATCC13032,Compendium sub-sample
GSM5197359,GSM5197359_0340_.gpr.gz,908356,PASS,ATCC13032,Compendium sub-sample
GSM5197360,GSM5197360_0341_.gpr.gz,923580,PASS,ATCC13032,Compendium sub-sample
GSM5197361,GSM5197361_0342_.gpr.gz,994611,PASS,ATCC13032,Compendium sub-sample
GSM5197362,GSM5197362_0343_.gpr.gz,990299,PASS,ATCC13032,Compendium sub-sample
GSM5197363,GSM5197363_0344_.gpr.gz,998081,PASS,ATCC13032,Compendium sub-sample
GSM5197364,GSM5197364_0345_.gpr.gz,3647173,PASS,ATCC13032,Compendium sub-sample
GSM5197365,GSM5197365_0346_.gpr.gz,3673803,PASS,ATCC13032,Compendium sub-sample
GSM5197366,GSM5197366_0347_.gpr.gz,3641464,PASS,ATCC13032,Compendium sub-sample
GSM5197367,GSM5197367_0348_.gpr.gz,3811883,PASS,ATCC13032,Compendium sub-sample
GSM5197368,GSM5197368_0349_.gpr.gz,3910554,PASS,ATCC13032,Compendium sub-sample
GSM5197369,GSM5197369_0350_.gpr.gz,3805510,PASS,ATCC13032,Compendium sub-sample
GSM5197370,GSM5197370_0351_.gpr.gz,4526256,PASS,ATCC13032,Compendium sub-sample
GSM5197371,GSM5197371_0352_.gpr.gz,4400920,PASS,ATCC13032,Compendium sub-sample
GSM5197372,GSM5197372_0353_.gpr.gz,4601215,PASS,ATCC13032,Compendium sub-sample
GSM5197373,GSM5197373_0354_.gpr.gz,4657249,PASS,ATCC13032,Compendium sub-sample
GSM5197374,GSM5197374_0355_.gpr.gz,4540881,PASS,ATCC13032,Compendium sub-sample
GSM5197375,GSM5197375_0356_.gpr.gz,4472478,PASS,ATCC13032,Compendium sub-sample
GSM5197376,GSM5197376_0357_.gpr.gz,1035835,PASS,ATCC13032,Compendium sub-sample
GSM5197377,GSM5197377_0358_.gpr.gz,1048143,PASS,ATCC13032,Compendium sub-sample
GSM5197378,GSM5197378_0359_.gpr.gz,1032626,PASS,ATCC13032,Compendium sub-sample
GSM5197379,GSM5197379_0360_.gpr.gz,1004019,PASS,ATCC13032,Compendium sub-sample
GSM5197380,GSM5197380_0361_.gpr.gz,944403,PASS,ATCC13032,Compendium sub-sample
GSM5197381,GSM5197381_0362_.gpr.gz,995027,PASS,ATCC13032,Compendium sub-sample
GSM5197382,GSM5197382_0363_.gpr.gz,990904,PASS,ATCC13032,Compendium sub-sample
GSM5197383,GSM5197383_0364_.gpr.gz,961243,PASS,ATCC13032,Compendium sub-sample
GSM5197384,GSM5197384_0365_.gpr.gz,952068,PASS,ATCC13032,Compendium sub-sample
GSM5197385,GSM5197385_0366_.gpr.gz,961243,PASS,ATCC13032,Compendium sub-sample
GSM5197386,GSM5197386_0367_.gpr.gz,278139,LOW_SIZE_WARN,ATCC13032,Compendium sub-sample
GSM5197387,GSM5197387_0368_.gpr.gz,290961,LOW_SIZE_WARN,ATCC13032,Compendium sub-sample
GSM5197388,GSM5197388_0369_.gpr.gz,259362,LOW_SIZE_WARN,ATCC13032,Compendium sub-sample
GSM5197389,GSM5197389_0370_.gpr.gz,282794,LOW_SIZE_WARN,ATCC13032,Compendium sub-sample
GSM5197390,GSM5197390_0371_.gpr.gz,290551,LOW_SIZE_WARN,ATCC13032,Compendium sub-sample
GSM5197391,GSM5197391_0372_.gpr.gz,284885,LOW_SIZE_WARN,ATCC13032,Compendium sub-sample
GSM5197392,GSM5197392_0373_.gpr.gz,283287,LOW_SIZE_WARN,ATCC13032,Compendium sub-sample
GSM5197393,GSM5197393_0374_.gpr.gz,278310,LOW_SIZE_WARN,ATCC13032,Compendium sub-sample
GSM5197394,GSM5197394_0375_.gpr.gz,272658,LOW_SIZE_WARN,ATCC13032,Compendium sub-sample
GSM5197395,GSM5197395_0376_.gpr.gz,946596,PASS,ATCC13032,Compendium sub-sample
GSM5197396,GSM5197396_0377_.gpr.gz,937876,PASS,ATCC13032,Compendium sub-sample
GSM5197397,GSM5197397_0378_.gpr.gz,949191,PASS,ATCC13032,Compendium sub-sample
GSM5197398,GSM5197398_0379_.gpr.gz,4351565,PASS,ATCC13032,Compendium sub-sample
GSM5197399,GSM5197399_0380_.gpr.gz,4435345,PASS,ATCC13032,Compendium sub-sample
GSM5197400,GSM5197400_0381_.gpr.gz,4391414,PASS,ATCC13032,Compendium sub-sample
GSM5197401,GSM5197401_0382_.gpr.gz,4085449,PASS,ATCC13032,Compendium sub-sample
GSM5197402,GSM5197402_0383_.gpr.gz,4333021,PASS,ATCC13032,Compendium sub-sample
GSM5197403,GSM5197403_0384_.gpr.gz,3894237,PASS,ATCC13032,Compendium sub-sample
GSM5197404,GSM5197404_0385_.gpr.gz,3801035,PASS,ATCC13032,Compendium sub-sample
GSM5197405,GSM5197405_0386_.gpr.gz,1070155,PASS,ATCC13032,Compendium sub-sample
GSM5197406,GSM5197406_0387_.gpr.gz,1004590,PASS,ATCC13032,Compendium sub-sample
GSM5197407,GSM5197407_0388_.gpr.gz,1025237,PASS,ATCC13032,Compendium sub-sample
GSM5197408,GSM5197408_0389_.gpr.gz,1052733,PASS,ATCC13032,Compendium sub-sample
GSM5197409,GSM5197409_0390_.gpr.gz,1029964,PASS,ATCC13032,Compendium sub-sample
GSM5197410,GSM5197410_0391_.gpr.gz,1017150,PASS,ATCC13032,Compendium sub-sample
GSM5197411,GSM5197411_0392_.gpr.gz,1109647,PASS,ATCC13032,Compendium sub-sample
GSM5197412,GSM5197412_0393_.gpr.gz,1061974,PASS,ATCC13032,Compendium sub-sample
GSM5197413,GSM5197413_0394_.gpr.gz,1147507,PASS,ATCC13032,Compendium sub-sample
GSM5197414,GSM5197414_0395_.gpr.gz,913958,PASS,ATCC13032,Compendium sub-sample
GSM5197415,GSM5197415_0396_.gpr.gz,958665,PASS,ATCC13032,Compendium sub-sample
GSM5197416,GSM5197416_0397_.gpr.gz,890206,PASS,ATCC13032,Compendium sub-sample
GSM5197417,GSM5197417_0398_.gpr.gz,976983,PASS,ATCC13032,Compendium sub-sample
GSM5197418,GSM5197418_0399_.gpr.gz,942493,PASS,ATCC13032,Compendium sub-sample
GSM5197419,GSM5197419_0400_.gpr.gz,942156,PASS,ATCC13032,Compendium sub-sample
GSM5197420,GSM5197420_0401_.gpr.gz,958566,PASS,ATCC13032,Compendium sub-sample
GSM5197421,GSM5197421_0402_.gpr.gz,948016,PASS,ATCC13032,Compendium sub-sample
GSM5197422,GSM5197422_0403_.gpr.gz,942661,PASS,ATCC13032,Compendium sub-sample
GSM5197423,GSM5197423_0404_.gpr.gz,949952,PASS,ATCC13032,Compendium sub-sample
GSM5197424,GSM5197424_0405_.gpr.gz,977364,PASS,ATCC13032,Compendium sub-sample
GSM5197425,GSM5197425_0406_.gpr.gz,948371,PASS,ATCC13032,Compendium sub-sample
GSM5197426,GSM5197426_0407_.gpr.gz,964662,PASS,ATCC13032,Compendium sub-sample
GSM5197427,GSM5197427_0408_.gpr.gz,884023,PASS,ATCC13032,Compendium sub-sample
GSM5197428,GSM5197428_0409_.gpr.gz,884316,PASS,ATCC13032,Compendium sub-sample
GSM5197429,GSM5197429_0410_.gpr.gz,913937,PASS,ATCC13032,Compendium sub-sample
GSM5197430,GSM5197430_0411_.gpr.gz,953900,PASS,ATCC13032,Compendium sub-sample
GSM5197431,GSM5197431_0412_.gpr.gz,980925,PASS,ATCC13032,Compendium sub-sample
GSM5197432,GSM5197432_0413_.gpr.gz,966980,PASS,ATCC13032,Compendium sub-sample
GSM5197433,GSM5197433_0414_.gpr.gz,497558,LOW_SIZE_WARN,ATCC13032,Compendium sub-sample
GSM5197434,GSM5197434_0415_.gpr.gz,457423,LOW_SIZE_WARN,ATCC13032,Compendium sub-sample
GSM5197435,GSM5197435_0416_.gpr.gz,931083,PASS,ATCC13032,Compendium sub-sample
GSM5197436,GSM5197436_0417_.gpr.gz,920936,PASS,ATCC13032,Compendium sub-sample
GSM5197437,GSM5197437_0418_.gpr.gz,1022086,PASS,ATCC13032,Compendium sub-sample
GSM5197438,GSM5197438_0419_.gpr.gz,949011,PASS,ATCC13032,Compendium sub-sample
GSM5197439,GSM5197439_0420_.gpr.gz,4177783,PASS,ATCC13032,Compendium sub-sample
GSM5197440,GSM5197440_0421_.gpr.gz,4222139,PASS,ATCC13032,Compendium sub-sample
GSM5197441,GSM5197441_0422_.gpr.gz,4083303,PASS,ATCC13032,Compendium sub-sample
GSM5197442,GSM5197442_0423_.gpr.gz,990889,PASS,ATCC13032,Compendium sub-sample
GSM5197443,GSM5197443_0424_.gpr.gz,1067368,PASS,ATCC13032,Compendium sub-sample
GSM5197444,GSM5197444_0425_.gpr.gz,1067245,PASS,ATCC13032,Compendium sub-sample
GSM5197445,GSM5197445_0426_.gpr.gz,1073841,PASS,ATCC13032,Compendium sub-sample
GSM5197446,GSM5197446_0427_.gpr.gz,957926,PASS,ATCC13032,Compendium sub-sample
GSM5197447,GSM5197447_0428_.gpr.gz,1024540,PASS,ATCC13032,Compendium sub-sample
GSM5197448,GSM5197448_0429_.gpr.gz,1063147,PASS,ATCC13032,Compendium sub-sample
GSM5197449,GSM5197449_0430_.gpr.gz,1012595,PASS,ATCC13032,Compendium sub-sample
GSM5197450,GSM5197450_0431_.gpr.gz,1044479,PASS,ATCC13032,Compendium sub-sample
GSM5197451,GSM5197451_0432_.gpr.gz,2283946,PASS,ATCC13032,Compendium sub-sample
GSM5197452,GSM5197452_0433_.gpr.gz,2362900,PASS,ATCC13032,Compendium sub-sample
GSM5197453,GSM5197453_0434_.gpr.gz,2408929,PASS,ATCC13032,Compendium sub-sample
GSM5197454,GSM5197454_0435_.gpr.gz,4494219,PASS,ATCC13032,Compendium sub-sample
GSM5197455,GSM5197455_0436_.gpr.gz,4153193,PASS,ATCC13032,Compendium sub-sample
GSM5197456,GSM5197456_0437_.gpr.gz,3855653,PASS,ATCC13032,Compendium sub-sample
GSM5197457,GSM5197457_0438_.gpr.gz,4401220,PASS,ATCC13032,Compendium sub-sample
GSM5197458,GSM5197458_0439_.gpr.gz,1037061,PASS,ATCC13032,Compendium sub-sample
GSM5197459,GSM5197459_0440_.gpr.gz,1095258,PASS,ATCC13032,Compendium sub-sample
GSM5197460,GSM5197460_0441_.gpr.gz,1031584,PASS,ATCC13032,Compendium sub-sample
GSM5197461,GSM5197461_0442_.gpr.gz,1036347,PASS,ATCC13032,Compendium sub-sample
GSM5197462,GSM5197462_0443_.gpr.gz,358548,LOW_SIZE_WARN,ATCC13032,Compendium sub-sample
GSM5197463,GSM5197463_0444_.gpr.gz,419082,LOW_SIZE_WARN,ATCC13032,Compendium sub-sample
GSM5197464,GSM5197464_0445_.gpr.gz,445819,LOW_SIZE_WARN,ATCC13032,Compendium sub-sample
GSM5197465,GSM5197465_0446_.gpr.gz,964635,PASS,ATCC13032,Compendium sub-sample
GSM5197466,GSM5197466_0447_.gpr.gz,1007227,PASS,ATCC13032,Compendium sub-sample
GSM5197467,GSM5197467_0448_.gpr.gz,1041658,PASS,ATCC13032,Compendium sub-sample
GSM5197468,GSM5197468_0449_.gpr.gz,1136839,PASS,ATCC13032,Compendium sub-sample
GSM5197469,GSM5197469_0450_.gpr.gz,1078984,PASS,ATCC13032,Compendium sub-sample
GSM5197470,GSM5197470_0451_.gpr.gz,934831,PASS,ATCC13032,Compendium sub-sample
GSM5197471,GSM5197471_0452_.gpr.gz,942241,PASS,ATCC13032,Compendium sub-sample
GSM5197472,GSM5197472_0453_.gpr.gz,1009623,PASS,ATCC13032,Compendium sub-sample
GSM5197473,GSM5197473_0454_.gpr.gz,1012622,PASS,ATCC13032,Compendium sub-sample
GSM5197474,GSM5197474_0455_.gpr.gz,387592,LOW_SIZE_WARN,ATCC13032,Compendium sub-sample
GSM5197475,GSM5197475_0456_.gpr.gz,498112,LOW_SIZE_WARN,ATCC13032,Compendium sub-sample
GSM5197476,GSM5197476_0457_.gpr.gz,377625,LOW_SIZE_WARN,ATCC13032,Compendium sub-sample
GSM5197477,GSM5197477_0458_.gpr.gz,416344,LOW_SIZE_WARN,ATCC13032,Compendium sub-sample
GSM5197478,GSM5197478_0459_.gpr.gz,429321,LOW_SIZE_WARN,ATCC13032,Compendium sub-sample
GSM5197479,GSM5197479_0460_.gpr.gz,361291,LOW_SIZE_WARN,ATCC13032,Compendium sub-sample
GSM5197480,GSM5197480_0461_.gpr.gz,509189,PASS,ATCC13032,Compendium sub-sample
GSM5197481,GSM5197481_0462_.gpr.gz,450725,LOW_SIZE_WARN,ATCC13032,Compendium sub-sample
GSM5197482,GSM5197482_0463_.gpr.gz,431688,LOW_SIZE_WARN,ATCC13032,Compendium sub-sample
GSM5197483,GSM5197483_0464_.gpr.gz,407879,LOW_SIZE_WARN,ATCC13032,Compendium sub-sample
GSM5197484,GSM5197484_0465_.gpr.gz,966594,PASS,ATCC13032,Compendium sub-sample
GSM5197485,GSM5197485_0466_.gpr.gz,928224,PASS,ATCC13032,Compendium sub-sample
GSM5197486,GSM5197486_0467_.gpr.gz,955357,PASS,ATCC13032,Compendium sub-sample
GSM5197487,GSM5197487_0468_.gpr.gz,992380,PASS,ATCC13032,Compendium sub-sample
GSM5197488,GSM5197488_0469_.gpr.gz,999375,PASS,ATCC13032,Compendium sub-sample
GSM5197489,GSM5197489_0470_.gpr.gz,905644,PASS,ATCC13032,Compendium sub-sample
GSM5197490,GSM5197490_0471_.gpr.gz,951377,PASS,ATCC13032,Compendium sub-sample
GSM5197491,GSM5197491_0472_.gpr.gz,955878,PASS,ATCC13032,Compendium sub-sample
GSM5197492,GSM5197492_0473_.gpr.gz,969126,PASS,ATCC13032,Compendium sub-sample
GSM5197493,GSM5197493_0474_.gpr.gz,941982,PASS,ATCC13032,Compendium sub-sample
GSM5197494,GSM5197494_0475_.gpr.gz,495117,LOW_SIZE_WARN,ATCC13032,Compendium sub-sample
GSM5197495,GSM5197495_0476_.gpr.gz,917361,PASS,ATCC13032,Compendium sub-sample
GSM5197496,GSM5197496_0477_.gpr.gz,921613,PASS,ATCC13032,Compendium sub-sample
GSM5197497,GSM5197497_0478_.gpr.gz,954074,PASS,ATCC13032,Compendium sub-sample
GSM5197498,GSM5197498_0479_.gpr.gz,992474,PASS,ATCC13032,Compendium sub-sample
GSM5197499,GSM5197499_0480_.gpr.gz,945835,PASS,ATCC13032,Compendium sub-sample
GSM5197500,GSM5197500_0481_.gpr.gz,992474,PASS,ATCC13032,Compendium sub-sample
GSM5197501,GSM5197501_0482_.gpr.gz,969091,PASS,ATCC13032,Compendium sub-sample
GSM5197502,GSM5197502_0483_.gpr.gz,983471,PASS,ATCC13032,Compendium sub-sample
GSM5197503,GSM5197503_0484_.gpr.gz,1008954,PASS,ATCC13032,Compendium sub-sample
GSM5197504,GSM5197504_0485_.gpr.gz,1058289,PASS,ATCC13032,Compendium sub-sample
GSM5197505,GSM5197505_0486_.gpr.gz,932306,PASS,ATCC13032,Compendium sub-sample
GSM5197506,GSM5197506_0487_.gpr.gz,479329,LOW_SIZE_WARN,ATCC13032,Compendium sub-sample
GSM5197507,GSM5197507_0488_.gpr.gz,1005538,PASS,ATCC13032,Compendium sub-sample
GSM5197508,GSM5197508_0489_.gpr.gz,985601,PASS,ATCC13032,Compendium sub-sample
GSM5197509,GSM5197509_0490_.gpr.gz,962749,PASS,ATCC13032,Compendium sub-sample
GSM5197510,GSM5197510_0491_.gpr.gz,960530,PASS,ATCC13032,Compendium sub-sample
GSM5197511,GSM5197511_0492_.gpr.gz,1015778,PASS,ATCC13032,Compendium sub-sample
GSM5197512,GSM5197512_0493_.gpr.gz,994641,PASS,ATCC13032,Compendium sub-sample
GSM5197513,GSM5197513_0494_.gpr.gz,1008247,PASS,ATCC13032,Compendium sub-sample
GSM5197514,GSM5197514_0495_.gpr.gz,492980,LOW_SIZE_WARN,ATCC13032,Compendium sub-sample
GSM5197515,GSM5197515_0496_.gpr.gz,484999,LOW_SIZE_WARN,ATCC13032,Compendium sub-sample
GSM5197516,GSM5197516_0497_.gpr.gz,470367,LOW_SIZE_WARN,ATCC13032,Compendium sub-sample
GSM5197517,GSM5197517_0498_.gpr.gz,504118,PASS,ATCC13032,Compendium sub-sample
GSM5197518,GSM5197518_0499_.gpr.gz,495175,LOW_SIZE_WARN,ATCC13032,Compendium sub-sample
GSM5197519,GSM5197519_0500_.gpr.gz,499059,LOW_SIZE_WARN,ATCC13032,Compendium sub-sample
GSM5197520,GSM5197520_0501_.gpr.gz,484740,LOW_SIZE_WARN,ATCC13032,Compendium sub-sample
GSM5197521,GSM5197521_0502_.gpr.gz,441440,LOW_SIZE_WARN,ATCC13032,Compendium sub-sample
GSM5197522,GSM5197522_0503_.gpr.gz,427868,LOW_SIZE_WARN,ATCC13032,Compendium sub-sample
GSM5197523,GSM5197523_0504_.gpr.gz,422070,LOW_SIZE_WARN,ATCC13032,Compendium sub-sample
GSM5197524,GSM5197524_0505_.gpr.gz,922317,PASS,ATCC13032,Compendium sub-sample
GSM5197525,GSM5197525_0506_.gpr.gz,931902,PASS,ATCC13032,Compendium sub-sample
GSM5197526,GSM5197526_0507_.gpr.gz,1016284,PASS,ATCC13032,Compendium sub-sample
GSM5197527,GSM5197527_0508_.gpr.gz,998199,PASS,ATCC13032,Compendium sub-sample
GSM5197528,GSM5197528_0509_.gpr.gz,1017708,PASS,ATCC13032,Compendium sub-sample
GSM5197529,GSM5197529_0510_.gpr.gz,1016635,PASS,ATCC13032,Compendium sub-sample
GSM5197530,GSM5197530_0511_.gpr.gz,1011673,PASS,ATCC13032,Compendium sub-sample
GSM5197531,GSM5197531_0512_.gpr.gz,1030331,PASS,ATCC13032,Compendium sub-sample
GSM5197532,GSM5197532_0513_.gpr.gz,490084,LOW_SIZE_WARN,ATCC13032,Compendium sub-sample
GSM5197533,GSM5197533_0514_.gpr.gz,998898,PASS,ATCC13032,Compendium sub-sample
GSM5197534,GSM5197534_0515_.gpr.gz,994750,PASS,ATCC13032,Compendium sub-sample
GSM5197535,GSM5197535_0516_.gpr.gz,987376,PASS,ATCC13032,Compendium sub-sample
GSM5197536,GSM5197536_0517_.gpr.gz,948412,PASS,ATCC13032,Compendium sub-sample
GSM5197537,GSM5197537_0518_.gpr.gz,946642,PASS,ATCC13032,Compendium sub-sample
GSM5197538,GSM5197538_0519_.gpr.gz,985530,PASS,ATCC13032,Compendium sub-sample
GSM5197539,GSM5197539_0520_.gpr.gz,985307,PASS,ATCC13032,Compendium sub-sample
GSM5197540,GSM5197540_0521_.gpr.gz,980937,PASS,ATCC13032,Compendium sub-sample
GSM5197541,GSM5197541_0522_.gpr.gz,1091664,PASS,ATCC13032,Compendium sub-sample
GSM5197542,GSM5197542_0523_.gpr.gz,1034287,PASS,ATCC13032,Compendium sub-sample
GSM5197543,GSM5197543_0524_.gpr.gz,1091486,PASS,ATCC13032,Compendium sub-sample
GSM5197544,GSM5197544_0525_.gpr.gz,1102020,PASS,ATCC13032,Compendium sub-sample
GSM5197545,GSM5197545_0526_.gpr.gz,1154179,PASS,ATCC13032,Compendium sub-sample
GSM5197546,GSM5197546_0527_.gpr.gz,1081095,PASS,ATCC13032,Compendium sub-sample
GSM5197547,GSM5197547_0528_.gpr.gz,1040296,PASS,ATCC13032,Compendium sub-sample
GSM5197548,GSM5197548_0529_.gpr.gz,1030461,PASS,ATCC13032,Compendium sub-sample
GSM5197549,GSM5197549_0530_.gpr.gz,1026228,PASS,ATCC13032,Compendium sub-sample
GSM5197550,GSM5197550_0531_.gpr.gz,1085840,PASS,ATCC13032,Compendium sub-sample
GSM5197551,GSM5197551_0532_.gpr.gz,1038962,PASS,ATCC13032,Compendium sub-sample
GSM5197552,GSM5197552_0533_.gpr.gz,1022792,PASS,ATCC13032,Compendium sub-sample
GSM5197553,GSM5197553_0534_.gpr.gz,1055753,PASS,ATCC13032,Compendium sub-sample
GSM5197554,GSM5197554_0535_.gpr.gz,1050578,PASS,ATCC13032,Compendium sub-sample
GSM5197555,GSM5197555_0536_.gpr.gz,1055078,PASS,ATCC13032,Compendium sub-sample
GSM5197556,GSM5197556_0537_.gpr.gz,1060180,PASS,ATCC13032,Compendium sub-sample
GSM5197557,GSM5197557_0538_.gpr.gz,1096686,PASS,ATCC13032,Compendium sub-sample
GSM5197558,GSM5197558_0539_.gpr.gz,1071487,PASS,ATCC13032,Compendium sub-sample
GSM5197559,GSM5197559_0540_.gpr.gz,566822,PASS,ATCC13032,Compendium sub-sample
GSM5197560,GSM5197560_0541_.gpr.gz,542929,PASS,ATCC13032,Compendium sub-sample
GSM5197561,GSM5197561_0542_.gpr.gz,551899,PASS,ATCC13032,Compendium sub-sample
GSM5197562,GSM5197562_0543_.gpr.gz,1043552,PASS,ATCC13032,Compendium sub-sample
GSM5197563,GSM5197563_0544_.gpr.gz,554471,PASS,ATCC13032,Compendium sub-sample
GSM5197564,GSM5197564_0545_.gpr.gz,529646,PASS,ATCC13032,Compendium sub-sample
GSM5197565,GSM5197565_0546_.gpr.gz,1103627,PASS,ATCC13032,Compendium sub-sample
GSM5197566,GSM5197566_0547_.gpr.gz,1049236,PASS,ATCC13032,Compendium sub-sample
GSM5197567,GSM5197567_0548_.gpr.gz,1054999,PASS,ATCC13032,Compendium sub-sample
GSM5197568,GSM5197568_0549_.gpr.gz,542929,PASS,ATCC13032,Compendium sub-sample
GSM5197569,GSM5197569_0550_.gpr.gz,551899,PASS,ATCC13032,Compendium sub-sample
GSM5197570,GSM5197570_0551_.gpr.gz,535738,PASS,ATCC13032,Compendium sub-sample
GSM5197571,GSM5197571_0552_.gpr.gz,1051639,PASS,ATCC13032,Compendium sub-sample
GSM5197572,GSM5197572_0553_.gpr.gz,562977,PASS,ATCC13032,Compendium sub-sample
GSM5197573,GSM5197573_0554_.gpr.gz,1043516,PASS,ATCC13032,Compendium sub-sample
GSM5197574,GSM5197574_0555_.gpr.gz,1027142,PASS,ATCC13032,Compendium sub-sample
GSM5197575,GSM5197575_0556_.gpr.gz,4251513,PASS,ATCC13032,Compendium sub-sample
GSM5197576,GSM5197576_0557_.gpr.gz,4096255,PASS,ATCC13032,Compendium sub-sample
GSM5197577,GSM5197577_0558_.gpr.gz,4663029,PASS,ATCC13032,Compendium sub-sample
GSM5197578,GSM5197578_0559_.gpr.gz,4190957,PASS,ATCC13032,Compendium sub-sample
GSM5197579,GSM5197579_0560_.gpr.gz,4019328,PASS,ATCC13032,Compendium sub-sample
GSM5197580,GSM5197580_0561_.gpr.gz,4084471,PASS,ATCC13032,Compendium sub-sample
GSM5197581,GSM5197581_0562_.gpr.gz,4218822,PASS,ATCC13032,Compendium sub-sample
GSM5197582,GSM5197582_0563_.gpr.gz,4296287,PASS,ATCC13032,Compendium sub-sample
GSM5197583,GSM5197583_0564_.gpr.gz,4290227,PASS,ATCC13032,Compendium sub-sample
GSM5197584,GSM5197584_0565_.gpr.gz,4211994,PASS,ATCC13032,Compendium sub-sample
GSM5197585,GSM5197585_0566_.gpr.gz,3995397,PASS,ATCC13032,Compendium sub-sample
GSM5197586,GSM5197586_0567_.gpr.gz,4452126,PASS,ATCC13032,Compendium sub-sample
GSM5197587,GSM5197587_0568_.gpr.gz,4447549,PASS,ATCC13032,Compendium sub-sample
GSM5197588,GSM5197588_0569_.gpr.gz,4393367,PASS,ATCC13032,Compendium sub-sample
GSM5197589,GSM5197589_0570_.gpr.gz,4405087,PASS,ATCC13032,Compendium sub-sample
GSM5197590,GSM5197590_0571_.gpr.gz,4529224,PASS,ATCC13032,Compendium sub-sample
GSM5197591,GSM5197591_0572_.gpr.gz,4406738,PASS,ATCC13032,Compendium sub-sample
GSM5197592,GSM5197592_0573_.gpr.gz,4375738,PASS,ATCC13032,Compendium sub-sample
GSM5197593,GSM5197593_0574_.gpr.gz,4434028,PASS,ATCC13032,Compendium sub-sample
GSM5197594,GSM5197594_0575_.gpr.gz,4155677,PASS,ATCC13032,Compendium sub-sample
GSM5197595,GSM5197595_0576_.gpr.gz,3658066,PASS,ATCC13032,Compendium sub-sample
GSM5197596,GSM5197596_0577_.gpr.gz,405258,LOW_SIZE_WARN,ATCC13032,Compendium sub-sample
GSM5197597,GSM5197597_0578_.gpr.gz,402271,LOW_SIZE_WARN,ATCC13032,Compendium sub-sample
GSM5197598,GSM5197598_0579_.gpr.gz,1031779,PASS,ATCC13032,Compendium sub-sample
GSM5197599,GSM5197599_0580_.gpr.gz,1076837,PASS,ATCC13032,Compendium sub-sample
GSM5197600,GSM5197600_0581_.gpr.gz,2333599,PASS,ATCC13032,Compendium sub-sample
GSM5197601,GSM5197601_0582_.gpr.gz,2388469,PASS,ATCC13032,Compendium sub-sample
GSM5197602,GSM5197602_0583_.gpr.gz,2371032,PASS,ATCC13032,Compendium sub-sample
GSM5197603,GSM5197603_0584_.gpr.gz,1937698,PASS,ATCC13032,Compendium sub-sample
GSM5197604,GSM5197604_0585_.gpr.gz,2476015,PASS,ATCC13032,Compendium sub-sample
GSM5197605,GSM5197605_0586_.gpr.gz,1951615,PASS,ATCC13032,Compendium sub-sample
GSM5197606,GSM5197606_0587_.gpr.gz,2233410,PASS,ATCC13032,Compendium sub-sample
GSM5197607,GSM5197607_0588_.gpr.gz,2189786,PASS,ATCC13032,Compendium sub-sample
GSM5197608,GSM5197608_0589_.gpr.gz,2343864,PASS,ATCC13032,Compendium sub-sample
GSM5197609,GSM5197609_0590_.gpr.gz,1949166,PASS,ATCC13032,Compendium sub-sample
GSM5197610,GSM5197610_0591_.gpr.gz,2086328,PASS,ATCC13032,Compendium sub-sample
GSM5197611,GSM5197611_0592_.gpr.gz,2290281,PASS,ATCC13032,Compendium sub-sample
GSM5197612,GSM5197612_0593_.gpr.gz,4019343,PASS,ATCC13032,Compendium sub-sample
GSM5197613,GSM5197613_0594_.gpr.gz,4202383,PASS,ATCC13032,Compendium sub-sample
GSM5197614,GSM5197614_0595_.gpr.gz,4108865,PASS,ATCC13032,Compendium sub-sample
GSM5197615,GSM5197615_0596_.gpr.gz,4742541,PASS,ATCC13032,Compendium sub-sample
GSM5197616,GSM5197616_0597_.gpr.gz,4669209,PASS,ATCC13032,Compendium sub-sample
GSM5197617,GSM5197617_0598_.gpr.gz,4376310,PASS,ATCC13032,Compendium sub-sample
GSM5197618,GSM5197618_0599_.gpr.gz,4459651,PASS,ATCC13032,Compendium sub-sample
GSM5197619,GSM5197619_0600_.gpr.gz,4233612,PASS,ATCC13032,Compendium sub-sample
GSM5197620,GSM5197620_0601_.gpr.gz,4457117,PASS,ATCC13032,Compendium sub-sample
GSM5197621,GSM5197621_0602_.gpr.gz,4615217,PASS,ATCC13032,Compendium sub-sample
GSM5197622,GSM5197622_0603_.gpr.gz,4375313,PASS,ATCC13032,Compendium sub-sample
GSM5197623,GSM5197623_0604_.gpr.gz,4311834,PASS,ATCC13032,Compendium sub-sample
GSM5197624,GSM5197624_0605_.gpr.gz,4261390,PASS,ATCC13032,Compendium sub-sample
GSM5197625,GSM5197625_0606_.gpr.gz,998155,PASS,ATCC13032,Compendium sub-sample
GSM5197626,GSM5197626_0607_.gpr.gz,986733,PASS,ATCC13032,Compendium sub-sample
GSM5197627,GSM5197627_0608_.gpr.gz,996381,PASS,ATCC13032,Compendium sub-sample
GSM5197628,GSM5197628_0609_.gpr.gz,381048,LOW_SIZE_WARN,ATCC13032,Compendium sub-sample
GSM5197629,GSM5197629_0610_.gpr.gz,383842,LOW_SIZE_WARN,ATCC13032,Compendium sub-sample
GSM5197630,GSM5197630_0611_.gpr.gz,393591,LOW_SIZE_WARN,ATCC13032,Compendium sub-sample
GSM5197631,GSM5197631_0612_.gpr.gz,379481,LOW_SIZE_WARN,ATCC13032,Compendium sub-sample
GSM5197632,GSM5197632_0613_.gpr.gz,403869,LOW_SIZE_WARN,ATCC13032,Compendium sub-sample
GSM5197633,GSM5197633_0614_.gpr.gz,417292,LOW_SIZE_WARN,ATCC13032,Compendium sub-sample
GSM5197634,GSM5197634_0615_.gpr.gz,972846,PASS,ATCC13032,Compendium sub-sample
GSM5197635,GSM5197635_0616_.gpr.gz,1020211,PASS,ATCC13032,Compendium sub-sample
GSM5197636,GSM5197636_0617_.gpr.gz,1013555,PASS,ATCC13032,Compendium sub-sample
GSM5197637,GSM5197637_0618_.gpr.gz,1022118,PASS,ATCC13032,Compendium sub-sample
GSM5197638,GSM5197638_0619_.gpr.gz,969390,PASS,ATCC13032,Compendium sub-sample
GSM5197639,GSM5197639_0620_.gpr.gz,944129,PASS,ATCC13032,Compendium sub-sample
GSM5197640,GSM5197640_0621_.gpr.gz,992964,PASS,ATCC13032,Compendium sub-sample
GSM5197641,GSM5197641_0622_.gpr.gz,995973,PASS,ATCC13032,Compendium sub-sample
GSM5197642,GSM5197642_0623_.gpr.gz,1045092,PASS,ATCC13032,Compendium sub-sample
GSM5197643,GSM5197643_0624_.gpr.gz,1041847,PASS,ATCC13032,Compendium sub-sample
GSM5197644,GSM5197644_0625_.gpr.gz,1008584,PASS,ATCC13032,Compendium sub-sample
GSM5197645,GSM5197645_0626_.gpr.gz,1034598,PASS,ATCC13032,Compendium sub-sample
GSM5197646,GSM5197646_0627_.gpr.gz,1051517,PASS,ATCC13032,Compendium sub-sample
GSM5197647,GSM5197647_0628_.gpr.gz,1028387,PASS,ATCC13032,Compendium sub-sample
GSM5197648,GSM5197648_0629_.gpr.gz,859575,PASS,ATCC13032,Compendium sub-sample
GSM5197649,GSM5197649_0630_.gpr.gz,1051954,PASS,ATCC13032,Compendium sub-sample
GSM5197650,GSM5197650_0631_.gpr.gz,1076215,PASS,ATCC13032,Compendium sub-sample
GSM5197651,GSM5197651_0632_.gpr.gz,1051517,PASS,ATCC13032,Compendium sub-sample
GSM5197652,GSM5197652_0633_.gpr.gz,1028387,PASS,ATCC13032,Compendium sub-sample
GSM5197653,GSM5197653_0634_.gpr.gz,1045101,PASS,ATCC13032,Compendium sub-sample
GSM5197654,GSM5197654_0635_.gpr.gz,1042247,PASS,ATCC13032,Compendium sub-sample
GSM5197655,GSM5197655_0636_.gpr.gz,1092040,PASS,ATCC13032,Compendium sub-sample
GSM5197656,GSM5197656_0637_.gpr.gz,1067275,PASS,ATCC13032,Compendium sub-sample
GSM5197657,GSM5197657_0638_.gpr.gz,931823,PASS,ATCC13032,Compendium sub-sample
GSM5197658,GSM5197658_0639_.gpr.gz,977714,PASS,ATCC13032,Compendium sub-sample
GSM5197659,GSM5197659_0640_.gpr.gz,936814,PASS,ATCC13032,Compendium sub-sample
GSM5197660,GSM5197660_0641_.gpr.gz,1005396,PASS,ATCC13032,Compendium sub-sample
GSM5197661,GSM5197661_0642_.gpr.gz,1024895,PASS,ATCC13032,Compendium sub-sample
GSM5197662,GSM5197662_0643_.gpr.gz,1030917,PASS,ATCC13032,Compendium sub-sample
GSM5197663,GSM5197663_0644_.gpr.gz,1024699,PASS,ATCC13032,Compendium sub-sample
GSM5197664,GSM5197664_0645_.gpr.gz,1042465,PASS,ATCC13032,Compendium sub-sample
GSM5197665,GSM5197665_0646_.gpr.gz,1007410,PASS,ATCC13032,Compendium sub-sample
GSM5197666,GSM5197666_0647_.gpr.gz,1000541,PASS,ATCC13032,Compendium sub-sample
GSM5197667,GSM5197667_0648_.gpr.gz,981773,PASS,ATCC13032,Compendium sub-sample
GSM5197668,GSM5197668_0649_.gpr.gz,4687651,PASS,ATCC13032,Compendium sub-sample
GSM5197669,GSM5197669_0650_.gpr.gz,4848757,PASS,ATCC13032,Compendium sub-sample
GSM5197670,GSM5197670_0651_.gpr.gz,3959286,PASS,ATCC13032,Compendium sub-sample
GSM5197671,GSM5197671_0652_.gpr.gz,3995243,PASS,ATCC13032,Compendium sub-sample
GSM5197672,GSM5197672_0653_.gpr.gz,4711382,PASS,ATCC13032,Compendium sub-sample
GSM5197673,GSM5197673_0654_.gpr.gz,4812515,PASS,ATCC13032,Compendium sub-sample
GSM5197674,GSM5197674_0655_.gpr.gz,3488571,PASS,ATCC13032,Compendium sub-sample
GSM5197675,GSM5197675_0656_.gpr.gz,3348920,PASS,ATCC13032,Compendium sub-sample
GSM5197676,GSM5197676_0657_.gpr.gz,3401332,PASS,ATCC13032,Compendium sub-sample
GSM5197677,GSM5197677_0658_.gpr.gz,3856478,PASS,ATCC13032,Compendium sub-sample
GSM5197678,GSM5197678_0659_.gpr.gz,3589854,PASS,ATCC13032,Compendium sub-sample
GSM5197679,GSM5197679_0660_.gpr.gz,3884974,PASS,ATCC13032,Compendium sub-sample
GSM5197680,GSM5197680_0661_.gpr.gz,3848059,PASS,ATCC13032,Compendium sub-sample
GSM5197681,GSM5197681_0662_.gpr.gz,3860030,PASS,ATCC13032,Compendium sub-sample
GSM5197682,GSM5197682_0663_.gpr.gz,3854080,PASS,ATCC13032,Compendium sub-sample
GSM5197683,GSM5197683_0664_.gpr.gz,3602066,PASS,ATCC13032,Compendium sub-sample
GSM5197684,GSM5197684_0665_.gpr.gz,3656863,PASS,ATCC13032,Compendium sub-sample
GSM5197685,GSM5197685_0666_.gpr.gz,3665887,PASS,ATCC13032,Compendium sub-sample
GSM5197686,GSM5197686_0667_.gpr.gz,3687223,PASS,ATCC13032,Compendium sub-sample
GSM5197687,GSM5197687_0668_.gpr.gz,483179,LOW_SIZE_WARN,ATCC13032,Compendium sub-sample
GSM5197688,GSM5197688_0669_.gpr.gz,523894,PASS,ATCC13032,Compendium sub-sample
GSM5197689,GSM5197689_0670_.gpr.gz,510150,PASS,ATCC13032,Compendium sub-sample
GSM5197690,GSM5197690_0671_.gpr.gz,467095,LOW_SIZE_WARN,ATCC13032,Compendium sub-sample
GSM5197691,GSM5197691_0672_.gpr.gz,504288,PASS,ATCC13032,Compendium sub-sample
GSM5197692,GSM5197692_0673_.gpr.gz,525558,PASS,ATCC13032,Compendium sub-sample
GSM5197693,GSM5197693_0674_.gpr.gz,443049,LOW_SIZE_WARN,ATCC13032,Compendium sub-sample
GSM5197694,GSM5197694_0675_.gpr.gz,412378,LOW_SIZE_WARN,ATCC13032,Compendium sub-sample
GSM5197695,GSM5197695_0676_.gpr.gz,417635,LOW_SIZE_WARN,ATCC13032,Compendium sub-sample
GSM5197696,GSM5197696_0677_.gpr.gz,2229543,PASS,ATCC13032,Compendium sub-sample
GSM5197697,GSM5197697_0678_.gpr.gz,4289547,PASS,ATCC13032,Compendium sub-sample
GSM5197698,GSM5197698_0679_.gpr.gz,4151302,PASS,ATCC13032,Compendium sub-sample
GSM5197699,GSM5197699_0680_.gpr.gz,3488571,PASS,ATCC13032,Compendium sub-sample
GSM5197700,GSM5197700_0681_.gpr.gz,4461679,PASS,ATCC13032,Compendium sub-sample
GSM5197701,GSM5197701_0682_.gpr.gz,4370206,PASS,ATCC13032,Compendium sub-sample
GSM5197702,GSM5197702_0683_.gpr.gz,947404,PASS,ATCC13032,Compendium sub-sample
GSM5197703,GSM5197703_0684_.gpr.gz,965592,PASS,ATCC13032,Compendium sub-sample
GSM5197704,GSM5197704_0685_.gpr.gz,959282,PASS,ATCC13032,Compendium sub-sample
GSM5197705,GSM5197705_0686_.gpr.gz,967971,PASS,ATCC13032,Compendium sub-sample
GSM5197706,GSM5197706_0687_.gpr.gz,954529,PASS,ATCC13032,Compendium sub-sample
GSM5197707,GSM5197707_0688_.gpr.gz,1011413,PASS,ATCC13032,Compendium sub-sample
GSM5197708,GSM5197708_0689_.gpr.gz,956431,PASS,ATCC13032,Compendium sub-sample
GSM5197709,GSM5197709_0690_.gpr.gz,950409,PASS,ATCC13032,Compendium sub-sample
GSM5197710,GSM5197710_0691_.gpr.gz,973918,PASS,ATCC13032,Compendium sub-sample
GSM5197711,GSM5197711_0692_.gpr.gz,1008511,PASS,ATCC13032,Compendium sub-sample
GSM5197712,GSM5197712_0693_.gpr.gz,1006895,PASS,ATCC13032,Compendium sub-sample
GSM5197713,GSM5197713_0694_.gpr.gz,958263,PASS,ATCC13032,Compendium sub-sample
GSM5197714,GSM5197714_0695_.gpr.gz,976752,PASS,ATCC13032,Compendium sub-sample
GSM5197715,GSM5197715_0696_.gpr.gz,982736,PASS,ATCC13032,Compendium sub-sample
GSM5197716,GSM5197716_0697_.gpr.gz,923905,PASS,ATCC13032,Compendium sub-sample
GSM5197717,GSM5197717_0698_.gpr.gz,928693,PASS,ATCC13032,Compendium sub-sample
GSM5197718,GSM5197718_0699_.gpr.gz,891255,PASS,ATCC13032,Compendium sub-sample
GSM5197719,GSM5197719_0700_.gpr.gz,1013885,PASS,ATCC13032,Compendium sub-sample
GSM5197720,GSM5197720_0701_.gpr.gz,987973,PASS,ATCC13032,Compendium sub-sample
GSM5197721,GSM5197721_0702_.gpr.gz,971011,PASS,ATCC13032,Compendium sub-sample
GSM5197722,GSM5197722_0703_.gpr.gz,989707,PASS,ATCC13032,Compendium sub-sample
GSM5197723,GSM5197723_0704_.gpr.gz,2317309,PASS,ATCC13032,Compendium sub-sample
GSM5197724,GSM5197724_0705_.gpr.gz,2381355,PASS,ATCC13032,Compendium sub-sample
GSM5197725,GSM5197725_0706_.gpr.gz,4347743,PASS,ATCC13032,Compendium sub-sample
GSM5197726,GSM5197726_0707_.gpr.gz,2303359,PASS,ATCC13032,Compendium sub-sample
GSM5197727,GSM5197727_0708_.gpr.gz,2314887,PASS,ATCC13032,Compendium sub-sample
GSM5197728,GSM5197728_0709_.gpr.gz,2409668,PASS,ATCC13032,Compendium sub-sample
GSM5197729,GSM5197729_0710_.gpr.gz,4159586,PASS,ATCC13032,Compendium sub-sample
GSM5197730,GSM5197730_0711_.gpr.gz,4292484,PASS,ATCC13032,Compendium sub-sample
GSM5197731,GSM5197731_0712_.gpr.gz,993002,PASS,ATCC13032,Compendium sub-sample
GSM5197732,GSM5197732_0713_.gpr.gz,977378,PASS,ATCC13032,Compendium sub-sample
GSM5197733,GSM5197733_0714_.gpr.gz,974752,PASS,ATCC13032,Compendium sub-sample
GSM5197734,GSM5197734_0715_.gpr.gz,550770,PASS,ATCC13032,Compendium sub-sample
GSM5197735,GSM5197735_0716_.gpr.gz,551325,PASS,ATCC13032,Compendium sub-sample
GSM5197736,GSM5197736_0717_.gpr.gz,964233,PASS,ATCC13032,Compendium sub-sample
GSM5197737,GSM5197737_0718_.gpr.gz,979514,PASS,ATCC13032,Compendium sub-sample
GSM5197738,GSM5197738_0719_.gpr.gz,540923,PASS,ATCC13032,Compendium sub-sample
GSM5197739,GSM5197739_0720_.gpr.gz,536758,PASS,ATCC13032,Compendium sub-sample
GSM5197740,GSM5197740_0721_.gpr.gz,518860,PASS,ATCC13032,Compendium sub-sample
GSM5197741,GSM5197741_0722_.gpr.gz,518860,PASS,ATCC13032,Compendium sub-sample
GSM5197742,GSM5197742_0723_.gpr.gz,978548,PASS,ATCC13032,Compendium sub-sample
GSM5197743,GSM5197743_0724_.gpr.gz,938415,PASS,ATCC13032,Compendium sub-sample
GSM5197744,GSM5197744_0725_.gpr.gz,997813,PASS,ATCC13032,Compendium sub-sample
GSM5197745,GSM5197745_0726_.gpr.gz,964233,PASS,ATCC13032,Compendium sub-sample
GSM5197746,GSM5197746_0727_.gpr.gz,992420,PASS,ATCC13032,Compendium sub-sample
GSM5197747,GSM5197747_0728_.gpr.gz,979514,PASS,ATCC13032,Compendium sub-sample
GSM5197748,GSM5197748_0729_.gpr.gz,1003056,PASS,ATCC13032,Compendium sub-sample
GSM5197749,GSM5197749_0730_.gpr.gz,975966,PASS,ATCC13032,Compendium sub-sample
GSM5197750,GSM5197750_0731_.gpr.gz,987083,PASS,ATCC13032,Compendium sub-sample
GSM5197751,GSM5197751_0732_.gpr.gz,4215582,PASS,ATCC13032,Compendium sub-sample
GSM5197752,GSM5197752_0733_.gpr.gz,4187083,PASS,ATCC13032,Compendium sub-sample
GSM5197753,GSM5197753_0734_.gpr.gz,4215699,PASS,ATCC13032,Compendium sub-sample
GSM5197754,GSM5197754_0735_.gpr.gz,4129562,PASS,ATCC13032,Compendium sub-sample
GSM5197755,GSM5197755_0736_.gpr.gz,4177855,PASS,ATCC13032,Compendium sub-sample
GSM5197756,GSM5197756_0737_.gpr.gz,4231324,PASS,ATCC13032,Compendium sub-sample
GSM5197757,GSM5197757_0738_.gpr.gz,3996975,PASS,ATCC13032,Compendium sub-sample
GSM5197758,GSM5197758_0739_.gpr.gz,1022592,PASS,ATCC13032,Compendium sub-sample
GSM5197759,GSM5197759_0740_.gpr.gz,1057085,PASS,ATCC13032,Compendium sub-sample
GSM5197760,GSM5197760_0741_.gpr.gz,1067902,PASS,ATCC13032,Compendium sub-sample
GSM5197761,GSM5197761_0742_.gpr.gz,962491,PASS,ATCC13032,Compendium sub-sample
GSM5197762,GSM5197762_0743_.gpr.gz,1075678,PASS,ATCC13032,Compendium sub-sample
GSM5197763,GSM5197763_0744_.gpr.gz,1048213,PASS,ATCC13032,Compendium sub-sample
GSM5197764,GSM5197764_0745_.gpr.gz,1029846,PASS,ATCC13032,Compendium sub-sample
GSM5197765,GSM5197765_0746_.gpr.gz,1012764,PASS,ATCC13032,Compendium sub-sample
GSM5197766,GSM5197766_0747_.gpr.gz,962403,PASS,ATCC13032,Compendium sub-sample
GSM5197767,GSM5197767_0748_.gpr.gz,3663456,PASS,ATCC13032,Compendium sub-sample
GSM5197768,GSM5197768_0749_.gpr.gz,4032554,PASS,ATCC13032,Compendium sub-sample
GSM5197769,GSM5197769_0750_.gpr.gz,4134304,PASS,ATCC13032,Compendium sub-sample
GSM5197770,GSM5197770_0751_.gpr.gz,3879030,PASS,ATCC13032,Compendium sub-sample
GSM5197771,GSM5197771_0752_.gpr.gz,3875528,PASS,ATCC13032,Compendium sub-sample
GSM5197772,GSM5197772_0753_.gpr.gz,3666252,PASS,ATCC13032,Compendium sub-sample
GSM5197773,GSM5197773_0754_.gpr.gz,1003895,PASS,ATCC13032,Compendium sub-sample
GSM5197774,GSM5197774_0755_.gpr.gz,1039157,PASS,ATCC13032,Compendium sub-sample
GSM5197775,GSM5197775_0756_.gpr.gz,997029,PASS,ATCC13032,Compendium sub-sample
GSM5197776,GSM5197776_0757_.gpr.gz,2549503,PASS,ATCC13032,Compendium sub-sample
GSM5197777,GSM5197777_0758_.gpr.gz,2378816,PASS,ATCC13032,Compendium sub-sample
GSM5197778,GSM5197778_0759_.gpr.gz,1018484,PASS,ATCC13032,Compendium sub-sample
GSM5197779,GSM5197779_0760_.gpr.gz,1049973,PASS,ATCC13032,Compendium sub-sample
GSM5197780,GSM5197780_0761_.gpr.gz,1104398,PASS,ATCC13032,Compendium sub-sample
GSM5197781,GSM5197781_0762_.gpr.gz,1048685,PASS,ATCC13032,Compendium sub-sample
GSM5197782,GSM5197782_0763_.gpr.gz,1019396,PASS,ATCC13032,Compendium sub-sample
GSM5197783,GSM5197783_0764_.gpr.gz,981484,PASS,ATCC13032,Compendium sub-sample
GSM5197784,GSM5197784_0765_.gpr.gz,960558,PASS,ATCC13032,Compendium sub-sample
GSM5197785,GSM5197785_0766_.gpr.gz,4453750,PASS,ATCC13032,Compendium sub-sample
GSM5197786,GSM5197786_0767_.gpr.gz,4475172,PASS,ATCC13032,Compendium sub-sample
GSM5197787,GSM5197787_0768_.gpr.gz,4615712,PASS,ATCC13032,Compendium sub-sample
GSM5197788,GSM5197788_0769_.gpr.gz,1036458,PASS,ATCC13032,Compendium sub-sample
GSM5197789,GSM5197789_0770_.gpr.gz,1033889,PASS,ATCC13032,Compendium sub-sample
GSM5197790,GSM5197790_0771_.gpr.gz,1139996,PASS,ATCC13032,Compendium sub-sample
GSM5197791,GSM5197791_0772_.gpr.gz,1010840,PASS,ATCC13032,Compendium sub-sample
GSM5197792,GSM5197792_0773_.gpr.gz,2057041,PASS,ATCC13032,Compendium sub-sample
GSM5197793,GSM5197793_0774_.gpr.gz,967440,PASS,ATCC13032,Compendium sub-sample
GSM5197794,GSM5197794_0775_.gpr.gz,1042969,PASS,ATCC13032,Compendium sub-sample
GSM5197795,GSM5197795_0776_.gpr.gz,994632,PASS,ATCC13032,Compendium sub-sample
GSM5197796,GSM5197796_0777_.gpr.gz,1039958,PASS,ATCC13032,Compendium sub-sample
GSM5197797,GSM5197797_0778_.gpr.gz,990887,PASS,ATCC13032,Compendium sub-sample
GSM5197798,GSM5197798_0779_.gpr.gz,859312,PASS,ATCC13032,Compendium sub-sample
GSM5197799,GSM5197799_0780_.gpr.gz,995341,PASS,ATCC13032,Compendium sub-sample
GSM5197800,GSM5197800_0781_.gpr.gz,999526,PASS,ATCC13032,Compendium sub-sample
GSM5197801,GSM5197801_0782_.gpr.gz,1014404,PASS,ATCC13032,Compendium sub-sample
GSM5197802,GSM5197802_0783_.gpr.gz,992716,PASS,ATCC13032,Compendium sub-sample
GSM5197803,GSM5197803_0784_.gpr.gz,1036458,PASS,ATCC13032,Compendium sub-sample
GSM5197804,GSM5197804_0785_.gpr.gz,1033889,PASS,ATCC13032,Compendium sub-sample
GSM5197805,GSM5197805_0786_.gpr.gz,967440,PASS,ATCC13032,Compendium sub-sample
GSM5197806,GSM5197806_0787_.gpr.gz,1064268,PASS,ATCC13032,Compendium sub-sample
GSM5197807,GSM5197807_0788_.gpr.gz,1042969,PASS,ATCC13032,Compendium sub-sample
GSM5197808,GSM5197808_0789_.gpr.gz,997599,PASS,ATCC13032,Compendium sub-sample
GSM5197809,GSM5197809_0790_.gpr.gz,986027,PASS,ATCC13032,Compendium sub-sample
GSM5197810,GSM5197810_0791_.gpr.gz,967488,PASS,ATCC13032,Compendium sub-sample
GSM5197811,GSM5197811_0792_.gpr.gz,950925,PASS,ATCC13032,Compendium sub-sample
GSM5197812,GSM5197812_0793_.gpr.gz,901954,PASS,ATCC13032,Compendium sub-sample
GSM5197813,GSM5197813_0794_.gpr.gz,899223,PASS,ATCC13032,Compendium sub-sample
GSM5197814,GSM5197814_0795_.gpr.gz,901954,PASS,ATCC13032,Compendium sub-sample
GSM5197815,GSM5197815_0796_.gpr.gz,949767,PASS,ATCC13032,Compendium sub-sample
GSM5197816,GSM5197816_0797_.gpr.gz,999495,PASS,ATCC13032,Compendium sub-sample
GSM5197817,GSM5197817_0798_.gpr.gz,1069763,PASS,ATCC13032,Compendium sub-sample
GSM5197818,GSM5197818_0799_.gpr.gz,1044601,PASS,ATCC13032,Compendium sub-sample
GSM5197819,GSM5197819_0800_.gpr.gz,1011956,PASS,ATCC13032,Compendium sub-sample
GSM5197820,GSM5197820_0801_.gpr.gz,995719,PASS,ATCC13032,Compendium sub-sample
GSM5197821,GSM5197821_0802_.gpr.gz,1087966,PASS,ATCC13032,Compendium sub-sample
GSM5197822,GSM5197822_0803_.gpr.gz,919095,PASS,ATCC13032,Compendium sub-sample
GSM5197823,GSM5197823_0804_.gpr.gz,934250,PASS,ATCC13032,Compendium sub-sample
GSM5197824,GSM5197824_0805_.gpr.gz,1013446,PASS,ATCC13032,Compendium sub-sample
GSM5197825,GSM5197825_0806_.gpr.gz,959164,PASS,ATCC13032,Compendium sub-sample
GSM5197826,GSM5197826_0807_.gpr.gz,1005974,PASS,ATCC13032,Compendium sub-sample
GSM5197827,GSM5197827_0808_.gpr.gz,1038304,PASS,ATCC13032,Compendium sub-sample
GSM5197828,GSM5197828_0809_.gpr.gz,983270,PASS,ATCC13032,Compendium sub-sample
GSM5197829,GSM5197829_0810_.gpr.gz,1012588,PASS,ATCC13032,Compendium sub-sample
GSM5197830,GSM5197830_0811_.gpr.gz,1020556,PASS,ATCC13032,Compendium sub-sample
GSM5197831,GSM5197831_0812_.gpr.gz,1013311,PASS,ATCC13032,Compendium sub-sample
GSM5197832,GSM5197832_0813_.gpr.gz,1011857,PASS,ATCC13032,Compendium sub-sample
GSM5197833,GSM5197833_0814_.gpr.gz,1073585,PASS,ATCC13032,Compendium sub-sample
GSM5197834,GSM5197834_0815_.gpr.gz,957350,PASS,ATCC13032,Compendium sub-sample
GSM5197835,GSM5197835_0816_.gpr.gz,981269,PASS,ATCC13032,Compendium sub-sample
GSM5197836,GSM5197836_0817_.gpr.gz,4111586,PASS,ATCC13032,Compendium sub-sample
GSM5197837,GSM5197837_0818_.gpr.gz,4134688,PASS,ATCC13032,Compendium sub-sample
GSM5197838,GSM5197838_0819_.gpr.gz,4210715,PASS,ATCC13032,Compendium sub-sample
GSM5197839,GSM5197839_0820_.gpr.gz,4256224,PASS,ATCC13032,Compendium sub-sample
GSM5197840,GSM5197840_0821_.gpr.gz,3859885,PASS,ATCC13032,Compendium sub-sample
GSM5197841,GSM5197841_0822_.gpr.gz,3861970,PASS,ATCC13032,Compendium sub-sample
GSM5197842,GSM5197842_0823_.gpr.gz,3841234,PASS,ATCC13032,Compendium sub-sample
GSM5197843,GSM5197843_0824_.gpr.gz,4457945,PASS,ATCC13032,Compendium sub-sample
GSM5197844,GSM5197844_0825_.gpr.gz,4146919,PASS,ATCC13032,Compendium sub-sample
GSM5197845,GSM5197845_0826_.gpr.gz,924229,PASS,ATCC13032,Compendium sub-sample
GSM5197846,GSM5197846_0827_.gpr.gz,861766,PASS,ATCC13032,Compendium sub-sample
GSM5197847,GSM5197847_0828_.gpr.gz,898705,PASS,ATCC13032,Compendium sub-sample
GSM5197848,GSM5197848_0829_.gpr.gz,10125844,PASS,ATCC13032,Compendium sub-sample
GSM5197849,GSM5197849_0830_.gpr.gz,871709,PASS,ATCC13032,Compendium sub-sample
GSM5197850,GSM5197850_0831_.gpr.gz,881997,PASS,ATCC13032,Compendium sub-sample
GSM5197851,GSM5197851_0832_.gpr.gz,874686,PASS,ATCC13032,Compendium sub-sample
GSM5197852,GSM5197852_0833_.gpr.gz,4845373,PASS,ATCC13032,Compendium sub-sample
GSM5197853,GSM5197853_0834_.gpr.gz,4974300,PASS,ATCC13032,Compendium sub-sample
GSM5197854,GSM5197854_0835_.gpr.gz,4641525,PASS,ATCC13032,Compendium sub-sample
GSM5197855,GSM5197855_0836_.gpr.gz,4218030,PASS,ATCC13032,Compendium sub-sample
GSM5197856,GSM5197856_0837_.gpr.gz,870581,PASS,ATCC13032,Compendium sub-sample
GSM5197857,GSM5197857_0838_.gpr.gz,870581,PASS,ATCC13032,Compendium sub-sample
GSM5197858,GSM5197858_0839_.gpr.gz,3842065,PASS,ATCC13032,Compendium sub-sample
GSM5197859,GSM5197859_0840_.gpr.gz,3969967,PASS,ATCC13032,Compendium sub-sample
GSM5197860,GSM5197860_0841_.gpr.gz,4270948,PASS,ATCC13032,Compendium sub-sample
GSM5197861,GSM5197861_0842_.gpr.gz,4404118,PASS,ATCC13032,Compendium sub-sample
GSM5197862,GSM5197862_0843_.gpr.gz,4295198,PASS,ATCC13032,Compendium sub-sample
GSM5197863,GSM5197863_0844_.gpr.gz,4190262,PASS,ATCC13032,Compendium sub-sample
GSM5197864,GSM5197864_0845_.gpr.gz,4115938,PASS,ATCC13032,Compendium sub-sample
GSM5197865,GSM5197865_0846_.gpr.gz,4395587,PASS,ATCC13032,Compendium sub-sample
GSM5197866,GSM5197866_0847_.gpr.gz,4387301,PASS,ATCC13032,Compendium sub-sample
GSM5197867,GSM5197867_0848_.gpr.gz,4387301,PASS,ATCC13032,Compendium sub-sample
GSM5197868,GSM5197868_0849_.gpr.gz,4387301,PASS,ATCC13032,Compendium sub-sample
GSM5197869,GSM5197869_0850_.gpr.gz,4387790,PASS,ATCC13032,Compendium sub-sample
GSM5197870,GSM5197870_0851_.gpr.gz,4192532,PASS,ATCC13032,Compendium sub-sample
GSM5197871,GSM5197871_0852_.gpr.gz,4279017,PASS,ATCC13032,Compendium sub-sample
GSM5197872,GSM5197872_0853_.gpr.gz,4314955,PASS,ATCC13032,Compendium sub-sample
GSM5197873,GSM5197873_0854_.gpr.gz,4117137,PASS,ATCC13032,Compendium sub-sample
GSM5197874,GSM5197874_0855_.gpr.gz,4369854,PASS,ATCC13032,Compendium sub-sample
GSM5197875,GSM5197875_0856_.gpr.gz,4474837,PASS,ATCC13032,Compendium sub-sample
GSM5197876,GSM5197876_0857_.gpr.gz,3940156,PASS,ATCC13032,Compendium sub-sample
GSM5197877,GSM5197877_0858_.gpr.gz,3774344,PASS,ATCC13032,Compendium sub-sample
GSM5197878,GSM5197878_0859_.gpr.gz,3940187,PASS,ATCC13032,Compendium sub-sample
GSM5197879,GSM5197879_0860_.gpr.gz,4259951,PASS,ATCC13032,Compendium sub-sample
GSM5197880,GSM5197880_0861_.gpr.gz,4068148,PASS,ATCC13032,Compendium sub-sample
GSM5197881,GSM5197881_0862_.gpr.gz,3965093,PASS,ATCC13032,Compendium sub-sample
GSM5197882,GSM5197882_0863_.gpr.gz,3848952,PASS,ATCC13032,Compendium sub-sample
GSM5197883,GSM5197883_0864_.gpr.gz,3618857,PASS,ATCC13032,Compendium sub-sample
GSM5197885,GSM5197885_0866_.gpr.gz,3432261,PASS,ATCC13032,Compendium sub-sample
GSM5197886,GSM5197886_0867_.gpr.gz,4079021,PASS,ATCC13032,Compendium sub-sample
GSM5197887,GSM5197887_0868_.gpr.gz,4145857,PASS,ATCC13032,Compendium sub-sample
GSM5197888,GSM5197888_0869_.gpr.gz,3366888,PASS,ATCC13032,Compendium sub-sample
GSM5197889,GSM5197889_0870_.gpr.gz,3468118,PASS,ATCC13032,Compendium sub-sample
GSM5197890,GSM5197890_0871_.gpr.gz,3660588,PASS,ATCC13032,Compendium sub-sample
GSM5197891,GSM5197891_0872_.gpr.gz,3963420,PASS,ATCC13032,Compendium sub-sample
GSM5197892,GSM5197892_0873_.gpr.gz,4034392,PASS,ATCC13032,Compendium sub-sample
GSM5197893,GSM5197893_0874_.gpr.gz,4424917,PASS,ATCC13032,Compendium sub-sample
GSM5197894,GSM5197894_0875_.gpr.gz,4352695,PASS,ATCC13032,Compendium sub-sample
GSM5197895,GSM5197895_0876_.gpr.gz,4283907,PASS,ATCC13032,Compendium sub-sample
GSM5197896,GSM5197896_0877_.gpr.gz,4658466,PASS,ATCC13032,Compendium sub-sample
GSM5197897,GSM5197897_0878_.gpr.gz,1001851,PASS,ATCC13032,Compendium sub-sample
GSM5197898,GSM5197898_0879_.gpr.gz,982665,PASS,ATCC13032,Compendium sub-sample
GSM5197899,GSM5197899_0880_.gpr.gz,1016511,PASS,ATCC13032,Compendium sub-sample
GSM5197900,GSM5197900_0881_.gpr.gz,1026144,PASS,ATCC13032,Compendium sub-sample
GSM5197901,GSM5197901_0882_.gpr.gz,1053604,PASS,ATCC13032,Compendium sub-sample
GSM5197902,GSM5197902_0883_.gpr.gz,1014034,PASS,ATCC13032,Compendium sub-sample
GSM5197903,GSM5197903_0884_.gpr.gz,979149,PASS,ATCC13032,Compendium sub-sample
GSM5197904,GSM5197904_0885_.gpr.gz,945333,PASS,ATCC13032,Compendium sub-sample
GSM5197905,GSM5197905_0886_.gpr.gz,967868,PASS,ATCC13032,Compendium sub-sample
GSM5197906,GSM5197906_0887_.gpr.gz,993992,PASS,ATCC13032,Compendium sub-sample
GSM5197907,GSM5197907_0888_.gpr.gz,964656,PASS,ATCC13032,Compendium sub-sample
GSM5197908,GSM5197908_0889_.gpr.gz,1004908,PASS,ATCC13032,Compendium sub-sample
GSM5197909,GSM5197909_0890_.gpr.gz,990492,PASS,ATCC13032,Compendium sub-sample
GSM5197910,GSM5197910_0891_.gpr.gz,1034546,PASS,ATCC13032,Compendium sub-sample
GSM5197911,GSM5197911_0892_.gpr.gz,1055948,PASS,ATCC13032,Compendium sub-sample
GSM5197912,GSM5197912_0893_.gpr.gz,4381988,PASS,ATCC13032,Compendium sub-sample
GSM5197913,GSM5197913_0894_.gpr.gz,1265526,PASS,ATCC13032,Compendium sub-sample
GSM5197914,GSM5197914_0895_.gpr.gz,1234713,PASS,ATCC13032,Compendium sub-sample
GSM5197915,GSM5197915_0896_.gpr.gz,1233930,PASS,ATCC13032,Compendium sub-sample
GSM5197916,GSM5197916_0897_.gpr.gz,1322987,PASS,ATCC13032,Compendium sub-sample
GSM5197917,GSM5197917_0898_.gpr.gz,1368592,PASS,ATCC13032,Compendium sub-sample
GSM5197918,GSM5197918_0899_.gpr.gz,1217503,PASS,ATCC13032,Compendium sub-sample
GSM5197919,GSM5197919_0900_.gpr.gz,4880613,PASS,ATCC13032,Compendium sub-sample
GSM5197920,GSM5197920_0901_.gpr.gz,4501334,PASS,ATCC13032,Compendium sub-sample
GSM5197921,GSM5197921_0902_.gpr.gz,972018,PASS,ATCC13032,Compendium sub-sample
GSM5197922,GSM5197922_0903_.gpr.gz,924798,PASS,ATCC13032,Compendium sub-sample
GSM5197923,GSM5197923_0904_.gpr.gz,4359535,PASS,ATCC13032,Compendium sub-sample
GSM5197924,GSM5197924_0905_.gpr.gz,4559585,PASS,ATCC13032,Compendium sub-sample
GSM5197925,GSM5197925_0906_.gpr.gz,4049475,PASS,ATCC13032,Compendium sub-sample
GSM5197926,GSM5197926_0907_.gpr.gz,4677727,PASS,ATCC13032,Compendium sub-sample
GSM5197927,GSM5197927_0908_.gpr.gz,4363237,PASS,ATCC13032,Compendium sub-sample
GSM5197928,GSM5197928_0909_.gpr.gz,4317401,PASS,ATCC13032,Compendium sub-sample
GSM5197929,GSM5197929_0910_.gpr.gz,4675620,PASS,ATCC13032,Compendium sub-sample
GSM5197930,GSM5197930_0911_.gpr.gz,4587909,PASS,ATCC13032,Compendium sub-sample
GSM5197931,GSM5197931_0912_.gpr.gz,4561590,PASS,ATCC13032,Compendium sub-sample
GSM5197932,GSM5197932_0913_.gpr.gz,4663999,PASS,ATCC13032,Compendium sub-sample
GSM5197933,GSM5197933_0914_.gpr.gz,4232663,PASS,ATCC13032,Compendium sub-sample
GSM5197934,GSM5197934_0915_.gpr.gz,4294051,PASS,ATCC13032,Compendium sub-sample
GSM5197935,GSM5197935_0916_.gpr.gz,4534654,PASS,ATCC13032,Compendium sub-sample
GSM5197936,GSM5197936_0917_.gpr.gz,4535982,PASS,ATCC13032,Compendium sub-sample
GSM5197937,GSM5197937_0918_.gpr.gz,4539458,PASS,ATCC13032,Compendium sub-sample
GSM5197938,GSM5197938_0919_.gpr.gz,4859350,PASS,ATCC13032,Compendium sub-sample
GSM5197939,GSM5197939_0920_.gpr.gz,4447442,PASS,ATCC13032,Compendium sub-sample
GSM5197940,GSM5197940_0921_.gpr.gz,4157813,PASS,ATCC13032,Compendium sub-sample
GSM5197941,GSM5197941_0922_.gpr.gz,4054442,PASS,ATCC13032,Compendium sub-sample
GSM5197942,GSM5197942_0923_.gpr.gz,4042769,PASS,ATCC13032,Compendium sub-sample
GSM5197943,GSM5197943_0924_.gpr.gz,3980838,PASS,ATCC13032,Compendium sub-sample
GSM5197944,GSM5197944_0925_.gpr.gz,4210502,PASS,ATCC13032,Compendium sub-sample
GSM5197945,GSM5197945_0926_.gpr.gz,886506,PASS,ATCC13032,Compendium sub-sample
GSM5197946,GSM5197946_0927_.gpr.gz,894785,PASS,ATCC13032,Compendium sub-sample
GSM5197947,GSM5197947_0928_.gpr.gz,867711,PASS,ATCC13032,Compendium sub-sample
