merged_gene	n_samples_in_tsv	n_models_found	n_missing_samples	sample_prefixes	missing_sample_prefixes
A2a	2	2	0	A2a-1-i7;A2a-2-i7	
A2b	2	2	0	A2b-1-i7;A2b-2-i7	
A3a	2	2	0	A3a-1-i7;A3a-2-i7	
A3b	2	2	0	A3b-1-i7;A3b-2-i7	
A4a	2	2	0	A4a-1-i7;A4a-2-i7	
A4b	2	2	0	A4b-1-i7;A4b-2-i7	
AmTR	4	2	2	AmTR-1-i7;AmTR-1-plate3;AmTR-2-i7;AmTR-2-plate3	AmTR-1-i7;AmTR-2-i7
AmtRH	2	2	0	AmtRH-1-plate4;AmtRH-2-plate4	
AmtRpl5	2	2	0	AmtRpl5-1;AmtRpl5-2	
AmtRpl6	2	2	0	AmtRpl6-1;AmtRpl6-2	
AmtRpl7	2	2	0	AmtRpl7-1;AmtRpl7-2	
AmtRpl8	2	2	0	AmtRpl8-1;AmtRpl8-2	
Cg0877	2	2	0	Cg0877-1-i7;Cg0877-2-i7	
Cgl0001	2	2	0	Cgl0001-1;Cgl0001-2	
Cgl0010	2	2	0	Cgl0010-1;Cgl0010-2	
Cgl0016	3	3	0	Cgl0016;Cgl0016-1;Cgl0016-2	
Cgl0037	2	2	0	Cgl0037-1;Cgl0037-2	
Cgl0069	2	2	0	Cgl0069-1;Cgl0069-2	
Cgl0111	2	2	0	Cgl0111-1-i7;Cgl0111-2-i7	
Cgl0121	2	2	0	Cgl0121-1-i7;Cgl0121-2-i7	
Cgl0157	2	2	0	Cgl0157-1;Cgl0157-2	
Cgl0170	2	2	0	Cgl0170-1-i7;Cgl0170-2-i7	
Cgl0176	3	3	0	Cgl0176;Cgl0176-1-i7;Cgl0176-2-i7	
Cgl0179	4	3	1	Cgl0179-1;Cgl0179-1-i7;Cgl0179-2;Cgl0179-2-i7	Cgl0179-2-i7
Cgl0221	2	2	0	Cgl0221-1-i7;Cgl0221-2-i7	
Cgl0254	2	2	0	Cgl0254-1;Cgl0254-2	
Cgl0257	2	2	0	Cgl0257-1;Cgl0257-2	
Cgl0261	2	2	0	Cgl0261-1-i7;Cgl0261-2-i7	
Cgl0272	2	2	0	Cgl0272-1-i7;Cgl0272-2-i7	
Cgl0279	2	2	0	Cgl0279-1-i7;Cgl0279-2-i7	
Cgl0291	3	3	0	Cgl0291;Cgl0291-1-i7;Cgl0291-2-i7	
Cgl0308	2	2	0	Cgl0308-1-i7;Cgl0308-2-i7	
Cgl0348	2	2	0	Cgl0348-1-i7;Cgl0348-2-i7	
Cgl0369	2	2	0	Cgl0369-1-i7;Cgl0369-2-i7	
Cgl0379	3	3	0	Cgl0379;Cgl0379-1-i7;Cgl0379-2-i7	
Cgl0385	2	2	0	Cgl0385-1-i7;Cgl0385-2-i7	
Cgl0404	2	2	0	Cgl0404-1;Cgl0404-2	
Cgl0411	2	2	0	Cgl0411-1;Cgl0411-2	
Cgl0420	1	1	0	Cgl0420	
Cgl0445	2	2	0	Cgl0445-1;Cgl0445-2	
Cgl0454	4	4	0	Cgl0454-1;Cgl0454-1-i7;Cgl0454-2;Cgl0454-2-i7	
Cgl0478	2	2	0	Cgl0478-1;Cgl0478-2	
Cgl0491	2	2	0	Cgl0491-1;Cgl0491-2	
Cgl0554	2	2	0	Cgl0554-1;Cgl0554-2	
Cgl0599	2	2	0	Cgl0599-1-i7;Cgl0599-2-i7	
Cgl0600	2	2	0	Cgl0600-1-i7;Cgl0600-2-i7	
Cgl0601	2	0	2	Cgl0601-1-i7;Cgl0601-2-i7	Cgl0601-1-i7;Cgl0601-2-i7
Cgl0606	2	2	0	Cgl0606-1-i7;Cgl0606-2-i7	
Cgl0612	2	2	0	Cgl0612-1;Cgl0612-2	
Cgl0617	2	2	0	Cgl0617-1;Cgl0617-2	
Cgl0622	2	2	0	Cgl0622-1-i7;Cgl0622-2-i7	
Cgl0627	4	4	0	Cgl0627-1;Cgl0627-1-i7;Cgl0627-2;Cgl0627-2-i7	
Cgl0637	2	2	0	Cgl0637-1;Cgl0637-2	
Cgl0641	2	2	0	Cgl0641-1-i7;Cgl0641-2-i7	
Cgl0685	2	2	0	Cgl0685-1-i7;Cgl0685-2-i7	
Cgl0698	2	2	0	Cgl0698-1-i7;Cgl0698-2-i7	
Cgl0740	2	2	0	Cgl0740-1-i7;Cgl0740-2-i7	
Cgl0743	3	3	0	Cgl0743;Cgl0743-1-i7;Cgl0743-2-i7	
Cgl0754	2	2	0	Cgl0754-1-i7;Cgl0754-2-i7	
Cgl0767	2	2	0	Cgl0767-1-i7;Cgl0767-2-i7	
Cgl0768	1	1	0	Cgl0768-1-i7	
Cgl0787	2	2	0	Cgl0787-1-i7;Cgl0787-2-i7	
Cgl0857	2	2	0	Cgl0857-1-i7;Cgl0857-2-i7	
Cgl0863	2	2	0	Cgl0863-1-i7;Cgl0863-2-i7	
Cgl0871	2	2	0	Cgl0871-1-i7;Cgl0871-2-i7	
Cgl0874	2	2	0	Cgl0874-1;Cgl0874-2	
Cgl0906	2	2	0	Cgl0906-1-i7;Cgl0906-2-i7	
Cgl0923	2	2	0	Cgl0923-1-i7;Cgl0923-2-i7	
Cgl0949	2	2	0	Cgl0949-1;Cgl0949-2	
Cgl0962	2	2	0	Cgl0962-1;Cgl0962-2	
Cgl0981	2	2	0	Cgl0981-1;Cgl0981-2	
Cgl0982	2	1	1	Cgl0982-1;Cgl0982-2	Cgl0982-1
Cgl1008	2	2	0	Cgl1008-1;Cgl1008-2	
Cgl1064	2	2	0	Cgl1064-1;Cgl1064-2	
Cgl1070	2	2	0	Cgl1070-1;Cgl1070-2	
Cgl1120	2	2	0	Cgl1120-1;Cgl1120-2	
Cgl1157	2	2	0	Cgl1157-1;Cgl1157-2	
Cgl1171	2	2	0	Cgl1171-1;Cgl1171-2	
Cgl1174	2	2	0	Cgl1174-1;Cgl1174-2	
Cgl1185	2	2	0	Cgl1185-1;Cgl1185-2	
Cgl1235	2	2	0	Cgl1235-1;Cgl1235-2	
Cgl1251	2	2	0	Cgl1251-1;Cgl1251-2	
Cgl1263	2	2	0	Cgl1263-1;Cgl1263-2	
Cgl1294	2	2	0	Cgl1294-1;Cgl1294-2	
Cgl1297	2	2	0	Cgl1297-1;Cgl1297-2	
Cgl1314	2	2	0	Cgl1314-1;Cgl1314-2	
Cgl1355	2	2	0	Cgl1355-1;Cgl1355-2	
Cgl1367	2	2	0	Cgl1367-1;Cgl1367-2	
Cgl1371	2	2	0	Cgl1371-1;Cgl1371-2	
Cgl1399	2	2	0	Cgl1399-1;Cgl1399-2	
Cgl1425	2	2	0	Cgl1425-1;Cgl1425-2	
Cgl1442	2	2	0	Cgl1442-1;Cgl1442-2	
Cgl1444	2	2	0	Cgl1444-1;Cgl1444-2	
Cgl1457	2	2	0	Cgl1457-1;Cgl1457-2	
Cgl1492	2	2	0	Cgl1492-1;Cgl1492-2	
Cgl1493	2	2	0	Cgl1493-1;Cgl1493-2	
Cgl1534	2	2	0	Cgl1534-1;Cgl1534-2	
Cgl1541	2	2	0	Cgl1541-1;Cgl1541-2	
Cgl1563	2	2	0	Cgl1563-1;Cgl1563-2	
Cgl1564	2	2	0	Cgl1564-1;Cgl1564-2	
Cgl1565	2	2	0	Cgl1565-1;Cgl1565-2	
Cgl1589	2	1	1	Cgl1589-1;Cgl1589-2	Cgl1589-2
Cgl1613	2	2	0	Cgl1613-1;Cgl1613-2	
Cgl1625	2	1	1	Cgl1625-1;Cgl1625-2	Cgl1625-2
Cgl1640	2	2	0	Cgl1640-1;Cgl1640-2	
Cgl1653	2	2	0	Cgl1653-1;Cgl1653-2	
Cgl1663	2	2	0	Cgl1663-1;Cgl1663-2	
Cgl1718	2	2	0	Cgl1718-1;Cgl1718-2	
Cgl1820	2	2	0	Cgl1820-1;Cgl1820-2	
Cgl1910	2	2	0	Cgl1910-1;Cgl1910-2	
Cgl1911	2	2	0	Cgl1911-1;Cgl1911-2	
Cgl1919	2	2	0	Cgl1919-1;Cgl1919-2	
Cgl1920	4	4	0	Cgl1920-1;Cgl1920-1-1;Cgl1920-1-2;Cgl1920-2	
Cgl1925	2	2	0	Cgl1925-1;Cgl1925-2	
Cgl1930	2	2	0	Cgl1930-1;Cgl1930-2	
Cgl1931	2	2	0	Cgl1931-1;Cgl1931-2	
Cgl1934	2	2	0	Cgl1934-1;Cgl1934-2	
Cgl1954	2	2	0	Cgl1954-1;Cgl1954-2	
Cgl1955	2	2	0	Cgl1955-1;Cgl1955-2	
Cgl1962	3	3	0	Cgl1962;Cgl1962-1;Cgl1962-2	
Cgl2009	2	2	0	Cgl2009-1;Cgl2009-2	
Cgl2044	2	2	0	Cgl2044-1;Cgl2044-2	
Cgl2060	2	2	0	Cgl2060-1;Cgl2060-2	
Cgl2068	3	3	0	Cgl2068;Cgl2068-1;Cgl2068-2	
Cgl2106	2	2	0	Cgl2106-1;Cgl2106-2	
Cgl2111	2	2	0	Cgl2111-1;Cgl2111-2	
Cgl2115	2	2	0	Cgl2115-1;Cgl2115-2	
Cgl2146	2	2	0	Cgl2146-1;Cgl2146-2	
Cgl2167	2	2	0	Cgl2167-1;Cgl2167-2	
Cgl2244	2	2	0	Cgl2244-1;Cgl2244-2	
Cgl2279	2	2	0	Cgl2279-1;Cgl2279-2	
Cgl2280	2	2	0	Cgl2280-1;Cgl2280-2	
Cgl2291	2	2	0	Cgl2291-1;Cgl2291-2	
Cgl2316	2	2	0	Cgl2316-1;Cgl2316-2	
Cgl2326	2	2	0	Cgl2326-1;Cgl2326-2	
Cgl2381	2	2	0	Cgl2381-1;Cgl2381-2	
Cgl2382	2	2	0	Cgl2382-1;Cgl2382-2	
Cgl2391	3	3	0	Cgl2391;Cgl2391-1;Cgl2391-2	
Cgl2394	2	2	0	Cgl2394-1;Cgl2394-2	
Cgl2408	2	2	0	Cgl2408-1;Cgl2408-2	
Cgl2415	2	2	0	Cgl2415-1;Cgl2415-2	
Cgl2418	2	2	0	Cgl2418-1;Cgl2418-2	
Cgl2445	2	2	0	Cgl2445-1;Cgl2445-2	
Cgl2490	3	3	0	Cgl2490;Cgl2490-1;Cgl2490-2	
Cgl2496	2	2	0	Cgl2496-1;Cgl2496-2	
Cgl2511	2	2	0	Cgl2511-1;Cgl2511-2	
Cgl2527	2	2	0	Cgl2527-1;Cgl2527-2	
Cgl2528	2	2	0	Cgl2528-1;Cgl2528-2	
Cgl2560	2	2	0	Cgl2560-1;Cgl2560-2	
Cgl2571	2	2	0	Cgl2571-1;Cgl2571-2	
Cgl2607	2	2	0	Cgl2607-1;Cgl2607-2	
Cgl2608	2	2	0	Cgl2608-1;Cgl2608-2	
Cgl2612	2	2	0	Cgl2612-1;Cgl2612-2	
Cgl2616	2	2	0	Cgl2616-1;Cgl2616-2	
Cgl2621	2	2	0	Cgl2621-1;Cgl2621-2	
Cgl2627	2	2	0	Cgl2627-1;Cgl2627-2	
Cgl2639	2	2	0	Cgl2639-1;Cgl2639-2	
Cgl2647	2	2	0	Cgl2647-1;Cgl2647-2	
Cgl2651	2	2	0	Cgl2651-1;Cgl2651-2	
Cgl2657	2	2	0	Cgl2657-1;Cgl2657-2	
Cgl2661	2	2	0	Cgl2661-1;Cgl2661-2	
Cgl2662	2	2	0	Cgl2662-1;Cgl2662-2	
Cgl2676	2	2	0	Cgl2676-1;Cgl2676-2	
Cgl2677	2	2	0	Cgl2677-1;Cgl2677-2	
Cgl2678	2	2	0	Cgl2678-1;Cgl2678-2	
Cgl2680	2	2	0	Cgl2680-1;Cgl2680-2	
Cgl2711	2	2	0	Cgl2711-1;Cgl2711-2	
Cgl2764	2	2	0	Cgl2764-1;Cgl2764-2	
Cgl2776	3	3	0	Cgl2776;Cgl2776-1;Cgl2776-2	
Cgl2782	3	3	0	Cgl2782;Cgl2782-1;Cgl2782-2	
Cgl2787	3	3	0	Cgl2787;Cgl2787-1;Cgl2787-2	
Cgl2797	2	2	0	Cgl2797-1;Cgl2797-2	
Cgl2894	2	2	0	Cgl2894-1;Cgl2894-2	
Cgl2902	2	2	0	Cgl2902-1;Cgl2902-2	
Cgl2915	2	2	0	Cgl2915-1;Cgl2915-2	
Cgl2920	2	2	0	Cgl2920-1;Cgl2920-2	
Cgl2928	2	2	0	Cgl2928-1;Cgl2928-2	
Cgl2934	2	2	0	Cgl2934-1;Cgl2934-2	
Cgl2935	2	2	0	Cgl2935-1;Cgl2935-2	
Cgl2941	4	4	0	Cgl2941-1;Cgl2941-2;Cgl2941-3;Cgl2941-4	
Cgl2947	2	2	0	Cgl2947-1;Cgl2947-2	
Cgl2965	2	2	0	Cgl2965-1;Cgl2965-2	
Cgl2970	2	2	0	Cgl2970-1;Cgl2970-2	
Cgl2979	2	2	0	Cgl2979-1;Cgl2979-2	
Cgl2988	2	2	0	Cgl2988-1;Cgl2988-2	
Cgl3024	2	2	0	Cgl3024-1;Cgl3024-2	
Cgl3044	2	2	0	Cgl3044-1;Cgl3044-2	
Cgl3055	2	2	0	Cgl3055-1;Cgl3055-2	
Cgl3059	2	2	0	Cgl3059-1;Cgl3059-2	
Cgl3084	2	2	0	Cgl3084-1;Cgl3084-2	
Cgl3089	2	2	0	Cgl3089-1;Cgl3089-2	
Cgl3094	2	2	0	Cgl3094-1;Cgl3094-2	
Cgl420	2	2	0	Cgl420-1-i7;Cgl420-2-i7	
Cgl9768	1	1	0	Cgl9768-2-i7	
FurH	6	4	2	FurH-1-i7;FurH-1-plate3;FurH-1-plate4;FurH-2-i7;FurH-2-plate3;FurH-2-plate4	FurH-1-i7;FurH-2-plate3
FurHpl5	2	2	0	FurHpl5-1;FurHpl5-2	
FurHpl6	2	2	0	FurHpl6-1;FurHpl6-2	
FurHpl7	2	2	0	FurHpl7-1;FurHpl7-2	
FurHpl8	2	2	0	FurHpl8-1;FurHpl8-2	
FurHpl9	0	1	0		
Furpl10	2	1	1	Furpl10-1;Furpl10-2	Furpl10-1
ccg1272	2	2	0	ccg1272-1;ccg1272-2	
ccg1704	2	2	0	ccg1704-1;ccg1704-2	
cg1068	2	2	0	cg1068-1;cg1068-2	
pdhR	0	1	0		
